State,County,2019
Alabama,Autauga,"55,869"
Alabama,Baldwin,"223,234"
Alabama,Barbour,"24,686"
Alabama,Bibb,"22,394"
Alabama,Blount,"57,826"
Alabama,Bullock,"10,101"
Alabama,Butler,"19,448"
Alabama,Calhoun,"113,605"
Alabama,Chambers,"33,254"
Alabama,Cherokee,"26,196"
Alabama,Chilton,"44,428"
Alabama,Choctaw,"12,589"
Alabama,Clarke,"23,622"
Alabama,Clay,"13,235"
Alabama,Cleburne,"14,910"
Alabama,Coffee,"52,342"
Alabama,Colbert,"55,241"
Alabama,Conecuh,"12,067"
Alabama,Coosa,"10,663"
Alabama,Covington,"37,049"
Alabama,Crenshaw,"13,772"
Alabama,Cullman,"83,768"
Alabama,Dale,"49,172"
Alabama,Dallas,"37,196"
Alabama,DeKalb,"71,513"
Alabama,Elmore,"81,209"
Alabama,Escambia,"36,633"
Alabama,Etowah,"102,268"
Alabama,Fayette,"16,302"
Alabama,Franklin,"31,362"
Alabama,Geneva,"26,271"
Alabama,Greene,"8,111"
Alabama,Hale,"14,651"
Alabama,Henry,"17,205"
Alabama,Houston,"105,882"
Alabama,Jackson,"51,626"
Alabama,Jefferson,"658,573"
Alabama,Lamar,"13,805"
Alabama,Lauderdale,"92,729"
Alabama,Lawrence,"32,924"
Alabama,Lee,"164,542"
Alabama,Limestone,"98,915"
Alabama,Lowndes,"9,726"
Alabama,Macon,"18,068"
Alabama,Madison,"372,909"
Alabama,Marengo,"18,863"
Alabama,Marion,"29,709"
Alabama,Marshall,"96,774"
Alabama,Mobile,"413,210"
Alabama,Monroe,"20,733"
Alabama,Montgomery,"226,486"
Alabama,Morgan,"119,679"
Alabama,Perry,"8,923"
Alabama,Pickens,"19,930"
Alabama,Pike,"33,114"
Alabama,Randolph,"22,722"
Alabama,Russell,"57,961"
Alabama,St. Clair,"89,512"
Alabama,Shelby,"217,702"
Alabama,Sumter,"12,427"
Alabama,Talladega,"79,978"
Alabama,Tallapoosa,"40,367"
Alabama,Tuscaloosa,"209,355"
Alabama,Walker,"63,521"
Alabama,Washington,"16,326"
Alabama,Wilcox,"10,373"
Alabama,Winston,"23,629"
Alaska,Aleutians East,"3,337"
Alaska,Aleutians West,"5,634"
Alaska,Anchorage,"288,000"
Alaska,Bethel,"18,386"
Alaska,Bristol Bay,836
Alaska,Denali,"2,097"
Alaska,Dillingham,"4,916"
Alaska,Fairbanks North Star,"96,849"
Alaska,Haines,"2,530"
Alaska,Hoonah-Angoon,"2,148"
Alaska,Juneau City and,"31,974"
Alaska,Kenai Peninsula,"58,708"
Alaska,Ketchikan Gateway,"13,901"
Alaska,Kodiak Island,"12,998"
Alaska,Kusilvak,"8,314"
Alaska,Lake and Peninsula,"1,592"
Alaska,Matanuska-Susitna,"108,317"
Alaska,Nome,"10,004"
Alaska,North Slope,"9,832"
Alaska,Northwest Arctic,"7,621"
Alaska,Petersburg,"3,266"
Alaska,Prince of Wales-Hyder,"6,203"
Alaska,Sitka City and,"8,493"
Alaska,Skagway,"1,183"
Alaska,Southeast Fairbanks,"6,893"
Alaska,Valdez-Cordova,"9,202"
Alaska,Wrangell City and,"2,502"
Alaska,Yakutat City and,579
Alaska,Yukon-Koyukuk,"5,230"
Arizona,Apache,"71,887"
Arizona,Cochise,"125,922"
Arizona,Coconino,"143,476"
Arizona,Gila,"54,018"
Arizona,Graham,"38,837"
Arizona,Greenlee,"9,498"
Arizona,La Paz,"21,108"
Arizona,Maricopa,"4,485,414"
Arizona,Mohave,"212,181"
Arizona,Navajo,"110,924"
Arizona,Pima,"1,047,279"
Arizona,Pinal,"462,789"
Arizona,Santa Cruz,"46,498"
Arizona,Yavapai,"235,099"
Arizona,Yuma,"213,787"
Arkansas,Arkansas,"17,486"
Arkansas,Ashley,"19,657"
Arkansas,Baxter,"41,932"
Arkansas,Benton,"279,141"
Arkansas,Boone,"37,432"
Arkansas,Bradley,"10,763"
Arkansas,Calhoun,"5,189"
Arkansas,Carroll,"28,380"
Arkansas,Chicot,"10,118"
Arkansas,Clark,"22,320"
Arkansas,Clay,"14,551"
Arkansas,Cleburne,"24,919"
Arkansas,Cleveland,"7,956"
Arkansas,Columbia,"23,457"
Arkansas,Conway,"20,846"
Arkansas,Craighead,"110,332"
Arkansas,Crawford,"63,257"
Arkansas,Crittenden,"47,955"
Arkansas,Cross,"16,419"
Arkansas,Dallas,"7,009"
Arkansas,Desha,"11,361"
Arkansas,Drew,"18,219"
Arkansas,Faulkner,"126,007"
Arkansas,Franklin,"17,715"
Arkansas,Fulton,"12,477"
Arkansas,Garland,"99,386"
Arkansas,Grant,"18,265"
Arkansas,Greene,"45,325"
Arkansas,Hempstead,"21,532"
Arkansas,Hot Spring,"33,771"
Arkansas,Howard,"13,202"
Arkansas,Independence,"37,825"
Arkansas,Izard,"13,629"
Arkansas,Jackson,"16,719"
Arkansas,Jefferson,"66,824"
Arkansas,Johnson,"26,578"
Arkansas,Lafayette,"6,624"
Arkansas,Lawrence,"16,406"
Arkansas,Lee,"8,857"
Arkansas,Lincoln,"13,024"
Arkansas,Little River,"12,259"
Arkansas,Logan,"21,466"
Arkansas,Lonoke,"73,309"
Arkansas,Madison,"16,576"
Arkansas,Marion,"16,694"
Arkansas,Miller,"43,257"
Arkansas,Mississippi,"40,651"
Arkansas,Monroe,"6,701"
Arkansas,Montgomery,"8,986"
Arkansas,Nevada,"8,252"
Arkansas,Newton,"7,753"
Arkansas,Ouachita,"23,382"
Arkansas,Perry,"10,455"
Arkansas,Phillips,"17,782"
Arkansas,Pike,"10,718"
Arkansas,Poinsett,"23,528"
Arkansas,Polk,"19,964"
Arkansas,Pope,"64,072"
Arkansas,Prairie,"8,062"
Arkansas,Pulaski,"391,911"
Arkansas,Randolph,"17,958"
Arkansas,St. Francis,"24,994"
Arkansas,Saline,"122,437"
Arkansas,Scott,"10,281"
Arkansas,Searcy,"7,881"
Arkansas,Sebastian,"127,827"
Arkansas,Sevier,"17,007"
Arkansas,Sharp,"17,442"
Arkansas,Stone,"12,506"
Arkansas,Union,"38,682"
Arkansas,Van Buren,"16,545"
Arkansas,Washington,"239,187"
Arkansas,White,"78,753"
Arkansas,Woodruff,"6,320"
Arkansas,Yell,"21,341"
California,Alameda,"1,671,329"
California,Alpine,"1,129"
California,Amador,"39,752"
California,Butte,"219,186"
California,Calaveras,"45,905"
California,Colusa,"21,547"
California,Contra Costa,"1,153,526"
California,Del Norte,"27,812"
California,El Dorado,"192,843"
California,Fresno,"999,101"
California,Glenn,"28,393"
California,Humboldt,"135,558"
California,Imperial,"181,215"
California,Inyo,"18,039"
California,Kern,"900,202"
California,Kings,"152,940"
California,Lake,"64,386"
California,Lassen,"30,573"
California,Los Angeles,"10,039,107"
California,Madera,"157,327"
California,Marin,"258,826"
California,Mariposa,"17,203"
California,Mendocino,"86,749"
California,Merced,"277,680"
California,Modoc,"8,841"
California,Mono,"14,444"
California,Monterey,"434,061"
California,Napa,"137,744"
California,Nevada,"99,755"
California,Orange,"3,175,692"
California,Placer,"398,329"
California,Plumas,"18,807"
California,Riverside,"2,470,546"
California,Sacramento,"1,552,058"
California,San Benito,"62,808"
California,San Bernardino,"2,180,085"
California,San Diego,"3,338,330"
California,San Francisco,"881,549"
California,San Joaquin,"762,148"
California,San Luis Obispo,"283,111"
California,San Mateo,"766,573"
California,Santa Barbara,"446,499"
California,Santa Clara,"1,927,852"
California,Santa Cruz,"273,213"
California,Shasta,"180,080"
California,Sierra,"3,005"
California,Siskiyou,"43,539"
California,Solano,"447,643"
California,Sonoma,"494,336"
California,Stanislaus,"550,660"
California,Sutter,"96,971"
California,Tehama,"65,084"
California,Trinity,"12,285"
California,Tulare,"466,195"
California,Tuolumne,"54,478"
California,Ventura,"846,006"
California,Yolo,"220,500"
California,Yuba,"78,668"
Colorado,Adams,"517,421"
Colorado,Alamosa,"16,233"
Colorado,Arapahoe,"656,590"
Colorado,Archuleta,"14,029"
Colorado,Baca,"3,581"
Colorado,Bent,"5,577"
Colorado,Boulder,"326,196"
Colorado,Broomfield,"70,465"
Colorado,Chaffee,"20,356"
Colorado,Cheyenne,"1,831"
Colorado,Clear Creek,"9,700"
Colorado,Conejos,"8,205"
Colorado,Costilla,"3,887"
Colorado,Crowley,"6,061"
Colorado,Custer,"5,068"
Colorado,Delta,"31,162"
Colorado,Denver,"727,211"
Colorado,Dolores,"2,055"
Colorado,Douglas,"351,154"
Colorado,Eagle,"55,127"
Colorado,Elbert,"26,729"
Colorado,El Paso,"720,403"
Colorado,Fremont,"47,839"
Colorado,Garfield,"60,061"
Colorado,Gilpin,"6,243"
Colorado,Grand,"15,734"
Colorado,Gunnison,"17,462"
Colorado,Hinsdale,820
Colorado,Huerfano,"6,897"
Colorado,Jackson,"1,392"
Colorado,Jefferson,"582,881"
Colorado,Kiowa,"1,406"
Colorado,Kit Carson,"7,097"
Colorado,Lake,"8,127"
Colorado,La Plata,"56,221"
Colorado,Larimer,"356,899"
Colorado,Las Animas,"14,506"
Colorado,Lincoln,"5,701"
Colorado,Logan,"22,409"
Colorado,Mesa,"154,210"
Colorado,Mineral,769
Colorado,Moffat,"13,283"
Colorado,Montezuma,"26,183"
Colorado,Montrose,"42,758"
Colorado,Morgan,"29,068"
Colorado,Otero,"18,278"
Colorado,Ouray,"4,952"
Colorado,Park,"18,845"
Colorado,Phillips,"4,265"
Colorado,Pitkin,"17,767"
Colorado,Prowers,"12,172"
Colorado,Pueblo,"168,424"
Colorado,Rio Blanco,"6,324"
Colorado,Rio Grande,"11,267"
Colorado,Routt,"25,638"
Colorado,Saguache,"6,824"
Colorado,San Juan,728
Colorado,San Miguel,"8,179"
Colorado,Sedgwick,"2,248"
Colorado,Summit,"31,011"
Colorado,Teller,"25,388"
Colorado,Washington,"4,908"
Colorado,Weld,"324,492"
Colorado,Yuma,"10,019"
Connecticut,Fairfield,"943,332"
Connecticut,Hartford,"891,720"
Connecticut,Litchfield,"180,333"
Connecticut,Middlesex,"162,436"
Connecticut,New Haven,"854,757"
Connecticut,New London,"265,206"
Connecticut,Tolland,"150,721"
Connecticut,Windham,"116,782"
Delaware,Kent,"180,786"
Delaware,New Castle,"558,753"
Delaware,Sussex,"234,225"
District of Columbia,District of Columbia,"705,749"
Florida,Alachua,"269,043"
Florida,Baker,"29,210"
Florida,Bay,"174,705"
Florida,Bradford,"28,201"
Florida,Brevard,"601,942"
Florida,Broward,"1,952,778"
Florida,Calhoun,"14,105"
Florida,Charlotte,"188,910"
Florida,Citrus,"149,657"
Florida,Clay,"219,252"
Florida,Collier,"384,902"
Florida,Columbia,"71,686"
Florida,DeSoto,"38,001"
Florida,Dixie,"16,826"
Florida,Duval,"957,755"
Florida,Escambia,"318,316"
Florida,Flagler,"115,081"
Florida,Franklin,"12,125"
Florida,Gadsden,"45,660"
Florida,Gilchrist,"18,582"
Florida,Glades,"13,811"
Florida,Gulf,"13,639"
Florida,Hamilton,"14,428"
Florida,Hardee,"26,937"
Florida,Hendry,"42,022"
Florida,Hernando,"193,920"
Florida,Highlands,"106,221"
Florida,Hillsborough,"1,471,968"
Florida,Holmes,"19,617"
Florida,Indian River,"159,923"
Florida,Jackson,"46,414"
Florida,Jefferson,"14,246"
Florida,Lafayette,"8,422"
Florida,Lake,"367,118"
Florida,Lee,"770,577"
Florida,Leon,"293,582"
Florida,Levy,"41,503"
Florida,Liberty,"8,354"
Florida,Madison,"18,493"
Florida,Manatee,"403,253"
Florida,Marion,"365,579"
Florida,Martin,"161,000"
Florida,Miami-Dade,"2,716,940"
Florida,Monroe,"74,228"
Florida,Nassau,"88,625"
Florida,Okaloosa,"210,738"
Florida,Okeechobee,"42,168"
Florida,Orange,"1,393,452"
Florida,Osceola,"375,751"
Florida,Palm Beach,"1,496,770"
Florida,Pasco,"553,947"
Florida,Pinellas,"974,996"
Florida,Polk,"724,777"
Florida,Putnam,"74,521"
Florida,St. Johns,"264,672"
Florida,St. Lucie,"328,297"
Florida,Santa Rosa,"184,313"
Florida,Sarasota,"433,742"
Florida,Seminole,"471,826"
Florida,Sumter,"132,420"
Florida,Suwannee,"44,417"
Florida,Taylor,"21,569"
Florida,Union,"15,237"
Florida,Volusia,"553,284"
Florida,Wakulla,"33,739"
Florida,Walton,"74,071"
Florida,Washington,"25,473"
Georgia,Appling,"18,386"
Georgia,Atkinson,"8,165"
Georgia,Bacon,"11,164"
Georgia,Baker,"3,038"
Georgia,Baldwin,"44,890"
Georgia,Banks,"19,234"
Georgia,Barrow,"83,240"
Georgia,Bartow,"107,738"
Georgia,Ben Hill,"16,700"
Georgia,Berrien,"19,397"
Georgia,Bibb,"153,159"
Georgia,Bleckley,"12,873"
Georgia,Brantley,"19,109"
Georgia,Brooks,"15,457"
Georgia,Bryan,"39,627"
Georgia,Bulloch,"79,608"
Georgia,Burke,"22,383"
Georgia,Butts,"24,936"
Georgia,Calhoun,"6,189"
Georgia,Camden,"54,666"
Georgia,Candler,"10,803"
Georgia,Carroll,"119,992"
Georgia,Catoosa,"67,580"
Georgia,Charlton,"13,392"
Georgia,Chatham,"289,430"
Georgia,Chattahoochee,"10,907"
Georgia,Chattooga,"24,789"
Georgia,Cherokee,"258,773"
Georgia,Clarke,"128,331"
Georgia,Clay,"2,834"
Georgia,Clayton,"292,256"
Georgia,Clinch,"6,618"
Georgia,Cobb,"760,141"
Georgia,Coffee,"43,273"
Georgia,Colquitt,"45,600"
Georgia,Columbia,"156,714"
Georgia,Cook,"17,270"
Georgia,Coweta,"148,509"
Georgia,Crawford,"12,404"
Georgia,Crisp,"22,372"
Georgia,Dade,"16,116"
Georgia,Dawson,"26,108"
Georgia,Decatur,"26,404"
Georgia,DeKalb,"759,297"
Georgia,Dodge,"20,605"
Georgia,Dooly,"13,390"
Georgia,Dougherty,"87,956"
Georgia,Douglas,"146,343"
Georgia,Early,"10,190"
Georgia,Echols,"4,006"
Georgia,Effingham,"64,296"
Georgia,Elbert,"19,194"
Georgia,Emanuel,"22,646"
Georgia,Evans,"10,654"
Georgia,Fannin,"26,188"
Georgia,Fayette,"114,421"
Georgia,Floyd,"98,498"
Georgia,Forsyth,"244,252"
Georgia,Franklin,"23,349"
Georgia,Fulton,"1,063,937"
Georgia,Gilmer,"31,369"
Georgia,Glascock,"2,971"
Georgia,Glynn,"85,292"
Georgia,Gordon,"57,963"
Georgia,Grady,"24,633"
Georgia,Greene,"18,324"
Georgia,Gwinnett,"936,250"
Georgia,Habersham,"45,328"
Georgia,Hall,"204,441"
Georgia,Hancock,"8,457"
Georgia,Haralson,"29,792"
Georgia,Harris,"35,236"
Georgia,Hart,"26,205"
Georgia,Heard,"11,923"
Georgia,Henry,"234,561"
Georgia,Houston,"157,863"
Georgia,Irwin,"9,416"
Georgia,Jackson,"72,977"
Georgia,Jasper,"14,219"
Georgia,Jeff Davis,"15,115"
Georgia,Jefferson,"15,362"
Georgia,Jenkins,"8,676"
Georgia,Johnson,"9,643"
Georgia,Jones,"28,735"
Georgia,Lamar,"19,077"
Georgia,Lanier,"10,423"
Georgia,Laurens,"47,546"
Georgia,Lee,"29,992"
Georgia,Liberty,"61,435"
Georgia,Lincoln,"7,921"
Georgia,Long,"19,559"
Georgia,Lowndes,"117,406"
Georgia,Lumpkin,"33,610"
Georgia,McDuffie,"21,312"
Georgia,McIntosh,"14,378"
Georgia,Macon,"12,947"
Georgia,Madison,"29,880"
Georgia,Marion,"8,359"
Georgia,Meriwether,"21,167"
Georgia,Miller,"5,718"
Georgia,Mitchell,"21,863"
Georgia,Monroe,"27,578"
Georgia,Montgomery,"9,172"
Georgia,Morgan,"19,276"
Georgia,Murray,"40,096"
Georgia,Muscogee,"195,769"
Georgia,Newton,"111,744"
Georgia,Oconee,"40,280"
Georgia,Oglethorpe,"15,259"
Georgia,Paulding,"168,667"
Georgia,Peach,"27,546"
Georgia,Pickens,"32,591"
Georgia,Pierce,"19,465"
Georgia,Pike,"18,962"
Georgia,Polk,"42,613"
Georgia,Pulaski,"11,137"
Georgia,Putnam,"22,119"
Georgia,Quitman,"2,299"
Georgia,Rabun,"17,137"
Georgia,Randolph,"6,778"
Georgia,Richmond,"202,518"
Georgia,Rockdale,"90,896"
Georgia,Schley,"5,257"
Georgia,Screven,"13,966"
Georgia,Seminole,"8,090"
Georgia,Spalding,"66,703"
Georgia,Stephens,"25,925"
Georgia,Stewart,"6,621"
Georgia,Sumter,"29,524"
Georgia,Talbot,"6,195"
Georgia,Taliaferro,"1,537"
Georgia,Tattnall,"25,286"
Georgia,Taylor,"8,020"
Georgia,Telfair,"15,860"
Georgia,Terrell,"8,531"
Georgia,Thomas,"44,451"
Georgia,Tift,"40,644"
Georgia,Toombs,"26,830"
Georgia,Towns,"12,037"
Georgia,Treutlen,"6,901"
Georgia,Troup,"69,922"
Georgia,Turner,"7,985"
Georgia,Twiggs,"8,120"
Georgia,Union,"24,511"
Georgia,Upson,"26,320"
Georgia,Walker,"69,761"
Georgia,Walton,"94,593"
Georgia,Ware,"35,734"
Georgia,Warren,"5,254"
Georgia,Washington,"20,374"
Georgia,Wayne,"29,927"
Georgia,Webster,"2,607"
Georgia,Wheeler,"7,855"
Georgia,White,"30,798"
Georgia,Whitfield,"104,628"
Georgia,Wilcox,"8,635"
Georgia,Wilkes,"9,777"
Georgia,Wilkinson,"8,954"
Georgia,Worth,"20,247"
Hawaii,Hawaii,"201,513"
Hawaii,Honolulu,"974,563"
Hawaii,Kalawao,86
Hawaii,Kauai,"72,293"
Hawaii,Maui,"167,417"
Idaho,Ada,"481,587"
Idaho,Adams,"4,294"
Idaho,Bannock,"87,808"
Idaho,Bear Lake,"6,125"
Idaho,Benewah,"9,298"
Idaho,Bingham,"46,811"
Idaho,Blaine,"23,021"
Idaho,Boise,"7,831"
Idaho,Bonner,"45,739"
Idaho,Bonneville,"119,062"
Idaho,Boundary,"12,245"
Idaho,Butte,"2,597"
Idaho,Camas,"1,106"
Idaho,Canyon,"229,849"
Idaho,Caribou,"7,155"
Idaho,Cassia,"24,030"
Idaho,Clark,845
Idaho,Clearwater,"8,756"
Idaho,Custer,"4,315"
Idaho,Elmore,"27,511"
Idaho,Franklin,"13,876"
Idaho,Fremont,"13,099"
Idaho,Gem,"18,112"
Idaho,Gooding,"15,179"
Idaho,Idaho,"16,667"
Idaho,Jefferson,"29,871"
Idaho,Jerome,"24,412"
Idaho,Kootenai,"165,697"
Idaho,Latah,"40,108"
Idaho,Lemhi,"8,027"
Idaho,Lewis,"3,838"
Idaho,Lincoln,"5,366"
Idaho,Madison,"39,907"
Idaho,Minidoka,"21,039"
Idaho,Nez Perce,"40,408"
Idaho,Oneida,"4,531"
Idaho,Owyhee,"11,823"
Idaho,Payette,"23,951"
Idaho,Power,"7,681"
Idaho,Shoshone,"12,882"
Idaho,Teton,"12,142"
Idaho,Twin Falls,"86,878"
Idaho,Valley,"11,392"
Idaho,Washington,"10,194"
Illinois,Adams,"65,435"
Illinois,Alexander,"5,761"
Illinois,Bond,"16,426"
Illinois,Boone,"53,544"
Illinois,Brown,"6,578"
Illinois,Bureau,"32,628"
Illinois,Calhoun,"4,739"
Illinois,Carroll,"14,305"
Illinois,Cass,"12,147"
Illinois,Champaign,"209,689"
Illinois,Christian,"32,304"
Illinois,Clark,"15,441"
Illinois,Clay,"13,184"
Illinois,Clinton,"37,562"
Illinois,Coles,"50,621"
Illinois,Cook,"5,150,233"
Illinois,Crawford,"18,667"
Illinois,Cumberland,"10,766"
Illinois,DeKalb,"104,897"
Illinois,De Witt,"15,638"
Illinois,Douglas,"19,465"
Illinois,DuPage,"922,921"
Illinois,Edgar,"17,161"
Illinois,Edwards,"6,395"
Illinois,Effingham,"34,008"
Illinois,Fayette,"21,336"
Illinois,Ford,"12,961"
Illinois,Franklin,"38,469"
Illinois,Fulton,"34,340"
Illinois,Gallatin,"4,828"
Illinois,Greene,"12,969"
Illinois,Grundy,"51,054"
Illinois,Hamilton,"8,116"
Illinois,Hancock,"17,708"
Illinois,Hardin,"3,821"
Illinois,Henderson,"6,646"
Illinois,Henry,"48,913"
Illinois,Iroquois,"27,114"
Illinois,Jackson,"56,750"
Illinois,Jasper,"9,610"
Illinois,Jefferson,"37,684"
Illinois,Jersey,"21,773"
Illinois,Jo Daviess,"21,235"
Illinois,Johnson,"12,417"
Illinois,Kane,"532,403"
Illinois,Kankakee,"109,862"
Illinois,Kendall,"128,990"
Illinois,Knox,"49,699"
Illinois,Lake,"696,535"
Illinois,LaSalle,"108,669"
Illinois,Lawrence,"15,678"
Illinois,Lee,"34,096"
Illinois,Livingston,"35,648"
Illinois,Logan,"28,618"
Illinois,McDonough,"29,682"
Illinois,McHenry,"307,774"
Illinois,McLean,"171,517"
Illinois,Macon,"104,009"
Illinois,Macoupin,"44,926"
Illinois,Madison,"262,966"
Illinois,Marion,"37,205"
Illinois,Marshall,"11,438"
Illinois,Mason,"13,359"
Illinois,Massac,"13,772"
Illinois,Menard,"12,196"
Illinois,Mercer,"15,437"
Illinois,Monroe,"34,637"
Illinois,Montgomery,"28,414"
Illinois,Morgan,"33,658"
Illinois,Moultrie,"14,501"
Illinois,Ogle,"50,643"
Illinois,Peoria,"179,179"
Illinois,Perry,"20,916"
Illinois,Piatt,"16,344"
Illinois,Pike,"15,561"
Illinois,Pope,"4,177"
Illinois,Pulaski,"5,335"
Illinois,Putnam,"5,739"
Illinois,Randolph,"31,782"
Illinois,Richland,"15,513"
Illinois,Rock Island,"141,879"
Illinois,St. Clair,"259,686"
Illinois,Saline,"23,491"
Illinois,Sangamon,"194,672"
Illinois,Schuyler,"6,768"
Illinois,Scott,"4,951"
Illinois,Shelby,"21,634"
Illinois,Stark,"5,342"
Illinois,Stephenson,"44,498"
Illinois,Tazewell,"131,803"
Illinois,Union,"16,653"
Illinois,Vermilion,"75,758"
Illinois,Wabash,"11,520"
Illinois,Warren,"16,844"
Illinois,Washington,"13,887"
Illinois,Wayne,"16,215"
Illinois,White,"13,537"
Illinois,Whiteside,"55,175"
Illinois,Will,"690,743"
Illinois,Williamson,"66,597"
Illinois,Winnebago,"282,572"
Illinois,Woodford,"38,459"
Indiana,Adams,"35,777"
Indiana,Allen,"379,299"
Indiana,Bartholomew,"83,779"
Indiana,Benton,"8,748"
Indiana,Blackford,"11,758"
Indiana,Boone,"67,843"
Indiana,Brown,"15,092"
Indiana,Carroll,"20,257"
Indiana,Cass,"37,689"
Indiana,Clark,"118,302"
Indiana,Clay,"26,225"
Indiana,Clinton,"32,399"
Indiana,Crawford,"10,577"
Indiana,Daviess,"33,351"
Indiana,Dearborn,"49,458"
Indiana,Decatur,"26,559"
Indiana,DeKalb,"43,475"
Indiana,Delaware,"114,135"
Indiana,Dubois,"42,736"
Indiana,Elkhart,"206,341"
Indiana,Fayette,"23,102"
Indiana,Floyd,"78,522"
Indiana,Fountain,"16,346"
Indiana,Franklin,"22,758"
Indiana,Fulton,"19,974"
Indiana,Gibson,"33,659"
Indiana,Grant,"65,769"
Indiana,Greene,"31,922"
Indiana,Hamilton,"338,011"
Indiana,Hancock,"78,168"
Indiana,Harrison,"40,515"
Indiana,Hendricks,"170,311"
Indiana,Henry,"47,972"
Indiana,Howard,"82,544"
Indiana,Huntington,"36,520"
Indiana,Jackson,"44,231"
Indiana,Jasper,"33,562"
Indiana,Jay,"20,436"
Indiana,Jefferson,"32,308"
Indiana,Jennings,"27,735"
Indiana,Johnson,"158,167"
Indiana,Knox,"36,594"
Indiana,Kosciusko,"79,456"
Indiana,LaGrange,"39,614"
Indiana,Lake,"485,493"
Indiana,LaPorte,"109,888"
Indiana,Lawrence,"45,370"
Indiana,Madison,"129,569"
Indiana,Marion,"964,582"
Indiana,Marshall,"46,258"
Indiana,Martin,"10,255"
Indiana,Miami,"35,516"
Indiana,Monroe,"148,431"
Indiana,Montgomery,"38,338"
Indiana,Morgan,"70,489"
Indiana,Newton,"13,984"
Indiana,Noble,"47,744"
Indiana,Ohio,"5,875"
Indiana,Orange,"19,646"
Indiana,Owen,"20,799"
Indiana,Parke,"16,937"
Indiana,Perry,"19,169"
Indiana,Pike,"12,389"
Indiana,Porter,"170,389"
Indiana,Posey,"25,427"
Indiana,Pulaski,"12,353"
Indiana,Putnam,"37,576"
Indiana,Randolph,"24,665"
Indiana,Ripley,"28,324"
Indiana,Rush,"16,581"
Indiana,St. Joseph,"271,826"
Indiana,Scott,"23,873"
Indiana,Shelby,"44,729"
Indiana,Spencer,"20,277"
Indiana,Starke,"22,995"
Indiana,Steuben,"34,594"
Indiana,Sullivan,"20,669"
Indiana,Switzerland,"10,751"
Indiana,Tippecanoe,"195,732"
Indiana,Tipton,"15,148"
Indiana,Union,"7,054"
Indiana,Vanderburgh,"181,451"
Indiana,Vermillion,"15,498"
Indiana,Vigo,"107,038"
Indiana,Wabash,"30,996"
Indiana,Warren,"8,265"
Indiana,Warrick,"62,998"
Indiana,Washington,"28,036"
Indiana,Wayne,"65,884"
Indiana,Wells,"28,296"
Indiana,White,"24,102"
Indiana,Whitley,"33,964"
Iowa,Adair,"7,152"
Iowa,Adams,"3,602"
Iowa,Allamakee,"13,687"
Iowa,Appanoose,"12,426"
Iowa,Audubon,"5,496"
Iowa,Benton,"25,645"
Iowa,Black Hawk,"131,228"
Iowa,Boone,"26,234"
Iowa,Bremer,"25,062"
Iowa,Buchanan,"21,175"
Iowa,Buena Vista,"19,620"
Iowa,Butler,"14,439"
Iowa,Calhoun,"9,668"
Iowa,Carroll,"20,165"
Iowa,Cass,"12,836"
Iowa,Cedar,"18,627"
Iowa,Cerro Gordo,"42,450"
Iowa,Cherokee,"11,235"
Iowa,Chickasaw,"11,933"
Iowa,Clarke,"9,395"
Iowa,Clay,"16,016"
Iowa,Clayton,"17,549"
Iowa,Clinton,"46,429"
Iowa,Crawford,"16,820"
Iowa,Dallas,"93,453"
Iowa,Davis,"9,000"
Iowa,Decatur,"7,870"
Iowa,Delaware,"17,011"
Iowa,Des Moines,"38,967"
Iowa,Dickinson,"17,258"
Iowa,Dubuque,"97,311"
Iowa,Emmet,"9,208"
Iowa,Fayette,"19,650"
Iowa,Floyd,"15,642"
Iowa,Franklin,"10,070"
Iowa,Fremont,"6,960"
Iowa,Greene,"8,888"
Iowa,Grundy,"12,232"
Iowa,Guthrie,"10,689"
Iowa,Hamilton,"14,773"
Iowa,Hancock,"10,630"
Iowa,Hardin,"16,846"
Iowa,Harrison,"14,049"
Iowa,Henry,"19,954"
Iowa,Howard,"9,158"
Iowa,Humboldt,"9,558"
Iowa,Ida,"6,860"
Iowa,Iowa,"16,184"
Iowa,Jackson,"19,439"
Iowa,Jasper,"37,185"
Iowa,Jefferson,"18,295"
Iowa,Johnson,"151,140"
Iowa,Jones,"20,681"
Iowa,Keokuk,"10,246"
Iowa,Kossuth,"14,813"
Iowa,Lee,"33,657"
Iowa,Linn,"226,706"
Iowa,Louisa,"11,035"
Iowa,Lucas,"8,600"
Iowa,Lyon,"11,755"
Iowa,Madison,"16,338"
Iowa,Mahaska,"22,095"
Iowa,Marion,"33,253"
Iowa,Marshall,"39,369"
Iowa,Mills,"15,109"
Iowa,Mitchell,"10,586"
Iowa,Monona,"8,615"
Iowa,Monroe,"7,707"
Iowa,Montgomery,"9,917"
Iowa,Muscatine,"42,664"
Iowa,O'Brien,"13,753"
Iowa,Osceola,"5,958"
Iowa,Page,"15,107"
Iowa,Palo Alto,"8,886"
Iowa,Plymouth,"25,177"
Iowa,Pocahontas,"6,619"
Iowa,Polk,"490,161"
Iowa,Pottawattamie,"93,206"
Iowa,Poweshiek,"18,504"
Iowa,Ringgold,"4,894"
Iowa,Sac,"9,721"
Iowa,Scott,"172,943"
Iowa,Shelby,"11,454"
Iowa,Sioux,"34,855"
Iowa,Story,"97,117"
Iowa,Tama,"16,854"
Iowa,Taylor,"6,121"
Iowa,Union,"12,241"
Iowa,Van Buren,"7,044"
Iowa,Wapello,"34,969"
Iowa,Warren,"51,466"
Iowa,Washington,"21,965"
Iowa,Wayne,"6,441"
Iowa,Webster,"35,904"
Iowa,Winnebago,"10,354"
Iowa,Winneshiek,"19,991"
Iowa,Woodbury,"103,107"
Iowa,Worth,"7,381"
Iowa,Wright,"12,562"
Kansas,Allen,"12,369"
Kansas,Anderson,"7,858"
Kansas,Atchison,"16,073"
Kansas,Barber,"4,427"
Kansas,Barton,"25,779"
Kansas,Bourbon,"14,534"
Kansas,Brown,"9,564"
Kansas,Butler,"66,911"
Kansas,Chase,"2,648"
Kansas,Chautauqua,"3,250"
Kansas,Cherokee,"19,939"
Kansas,Cheyenne,"2,657"
Kansas,Clark,"1,994"
Kansas,Clay,"8,002"
Kansas,Cloud,"8,786"
Kansas,Coffey,"8,179"
Kansas,Comanche,"1,700"
Kansas,Cowley,"34,908"
Kansas,Crawford,"38,818"
Kansas,Decatur,"2,827"
Kansas,Dickinson,"18,466"
Kansas,Doniphan,"7,600"
Kansas,Douglas,"122,259"
Kansas,Edwards,"2,798"
Kansas,Elk,"2,530"
Kansas,Ellis,"28,553"
Kansas,Ellsworth,"6,102"
Kansas,Finney,"36,467"
Kansas,Ford,"33,619"
Kansas,Franklin,"25,544"
Kansas,Geary,"31,670"
Kansas,Gove,"2,636"
Kansas,Graham,"2,482"
Kansas,Grant,"7,150"
Kansas,Gray,"5,988"
Kansas,Greeley,"1,232"
Kansas,Greenwood,"5,982"
Kansas,Hamilton,"2,539"
Kansas,Harper,"5,436"
Kansas,Harvey,"34,429"
Kansas,Haskell,"3,968"
Kansas,Hodgeman,"1,794"
Kansas,Jackson,"13,171"
Kansas,Jefferson,"19,043"
Kansas,Jewell,"2,879"
Kansas,Johnson,"602,401"
Kansas,Kearny,"3,838"
Kansas,Kingman,"7,152"
Kansas,Kiowa,"2,475"
Kansas,Labette,"19,618"
Kansas,Lane,"1,535"
Kansas,Leavenworth,"81,758"
Kansas,Lincoln,"2,962"
Kansas,Linn,"9,703"
Kansas,Logan,"2,794"
Kansas,Lyon,"33,195"
Kansas,McPherson,"28,542"
Kansas,Marion,"11,884"
Kansas,Marshall,"9,707"
Kansas,Meade,"4,033"
Kansas,Miami,"34,237"
Kansas,Mitchell,"5,979"
Kansas,Montgomery,"31,829"
Kansas,Morris,"5,620"
Kansas,Morton,"2,587"
Kansas,Nemaha,"10,231"
Kansas,Neosho,"16,007"
Kansas,Ness,"2,750"
Kansas,Norton,"5,361"
Kansas,Osage,"15,949"
Kansas,Osborne,"3,421"
Kansas,Ottawa,"5,704"
Kansas,Pawnee,"6,414"
Kansas,Phillips,"5,234"
Kansas,Pottawatomie,"24,383"
Kansas,Pratt,"9,164"
Kansas,Rawlins,"2,530"
Kansas,Reno,"61,998"
Kansas,Republic,"4,636"
Kansas,Rice,"9,537"
Kansas,Riley,"74,232"
Kansas,Rooks,"4,920"
Kansas,Rush,"3,036"
Kansas,Russell,"6,856"
Kansas,Saline,"54,224"
Kansas,Scott,"4,823"
Kansas,Sedgwick,"516,042"
Kansas,Seward,"21,428"
Kansas,Shawnee,"176,875"
Kansas,Sheridan,"2,521"
Kansas,Sherman,"5,917"
Kansas,Smith,"3,583"
Kansas,Stafford,"4,156"
Kansas,Stanton,"2,006"
Kansas,Stevens,"5,485"
Kansas,Sumner,"22,836"
Kansas,Thomas,"7,777"
Kansas,Trego,"2,803"
Kansas,Wabaunsee,"6,931"
Kansas,Wallace,"1,518"
Kansas,Washington,"5,406"
Kansas,Wichita,"2,119"
Kansas,Wilson,"8,525"
Kansas,Woodson,"3,138"
Kansas,Wyandotte,"165,429"
Kentucky,Adair,"19,202"
Kentucky,Allen,"21,315"
Kentucky,Anderson,"22,747"
Kentucky,Ballard,"7,888"
Kentucky,Barren,"44,249"
Kentucky,Bath,"12,500"
Kentucky,Bell,"26,032"
Kentucky,Boone,"133,581"
Kentucky,Bourbon,"19,788"
Kentucky,Boyd,"46,718"
Kentucky,Boyle,"30,060"
Kentucky,Bracken,"8,303"
Kentucky,Breathitt,"12,630"
Kentucky,Breckinridge,"20,477"
Kentucky,Bullitt,"81,676"
Kentucky,Butler,"12,879"
Kentucky,Caldwell,"12,747"
Kentucky,Calloway,"39,001"
Kentucky,Campbell,"93,584"
Kentucky,Carlisle,"4,760"
Kentucky,Carroll,"10,631"
Kentucky,Carter,"26,797"
Kentucky,Casey,"16,159"
Kentucky,Christian,"70,461"
Kentucky,Clark,"36,263"
Kentucky,Clay,"19,901"
Kentucky,Clinton,"10,218"
Kentucky,Crittenden,"8,806"
Kentucky,Cumberland,"6,614"
Kentucky,Daviess,"101,511"
Kentucky,Edmonson,"12,150"
Kentucky,Elliott,"7,517"
Kentucky,Estill,"14,106"
Kentucky,Fayette,"323,152"
Kentucky,Fleming,"14,581"
Kentucky,Floyd,"35,589"
Kentucky,Franklin,"50,991"
Kentucky,Fulton,"5,969"
Kentucky,Gallatin,"8,869"
Kentucky,Garrard,"17,666"
Kentucky,Grant,"25,069"
Kentucky,Graves,"37,266"
Kentucky,Grayson,"26,427"
Kentucky,Green,"10,941"
Kentucky,Greenup,"35,098"
Kentucky,Hancock,"8,722"
Kentucky,Hardin,"110,958"
Kentucky,Harlan,"26,010"
Kentucky,Harrison,"18,886"
Kentucky,Hart,"19,035"
Kentucky,Henderson,"45,210"
Kentucky,Henry,"16,126"
Kentucky,Hickman,"4,380"
Kentucky,Hopkins,"44,686"
Kentucky,Jackson,"13,329"
Kentucky,Jefferson,"766,757"
Kentucky,Jessamine,"54,115"
Kentucky,Johnson,"22,188"
Kentucky,Kenton,"166,998"
Kentucky,Knott,"14,806"
Kentucky,Knox,"31,145"
Kentucky,Larue,"14,398"
Kentucky,Laurel,"60,813"
Kentucky,Lawrence,"15,317"
Kentucky,Lee,"7,403"
Kentucky,Leslie,"9,877"
Kentucky,Letcher,"21,553"
Kentucky,Lewis,"13,275"
Kentucky,Lincoln,"24,549"
Kentucky,Livingston,"9,194"
Kentucky,Logan,"27,102"
Kentucky,Lyon,"8,210"
Kentucky,McCracken,"65,418"
Kentucky,McCreary,"17,231"
Kentucky,McLean,"9,207"
Kentucky,Madison,"92,987"
Kentucky,Magoffin,"12,161"
Kentucky,Marion,"19,273"
Kentucky,Marshall,"31,100"
Kentucky,Martin,"11,195"
Kentucky,Mason,"17,070"
Kentucky,Meade,"28,572"
Kentucky,Menifee,"6,489"
Kentucky,Mercer,"21,933"
Kentucky,Metcalfe,"10,071"
Kentucky,Monroe,"10,650"
Kentucky,Montgomery,"28,157"
Kentucky,Morgan,"13,309"
Kentucky,Muhlenberg,"30,622"
Kentucky,Nelson,"46,233"
Kentucky,Nicholas,"7,269"
Kentucky,Ohio,"23,994"
Kentucky,Oldham,"66,799"
Kentucky,Owen,"10,901"
Kentucky,Owsley,"4,415"
Kentucky,Pendleton,"14,590"
Kentucky,Perry,"25,758"
Kentucky,Pike,"57,876"
Kentucky,Powell,"12,359"
Kentucky,Pulaski,"64,979"
Kentucky,Robertson,"2,108"
Kentucky,Rockcastle,"16,695"
Kentucky,Rowan,"24,460"
Kentucky,Russell,"17,923"
Kentucky,Scott,"57,004"
Kentucky,Shelby,"49,024"
Kentucky,Simpson,"18,572"
Kentucky,Spencer,"19,351"
Kentucky,Taylor,"25,769"
Kentucky,Todd,"12,294"
Kentucky,Trigg,"14,651"
Kentucky,Trimble,"8,471"
Kentucky,Union,"14,381"
Kentucky,Warren,"132,896"
Kentucky,Washington,"12,095"
Kentucky,Wayne,"20,333"
Kentucky,Webster,"12,942"
Kentucky,Whitley,"36,264"
Kentucky,Wolfe,"7,157"
Kentucky,Woodford,"26,734"
Louisiana,Acadia,"62,045"
Louisiana,Allen,"25,627"
Louisiana,Ascension,"126,604"
Louisiana,Assumption,"21,891"
Louisiana,Avoyelles,"40,144"
Louisiana,Beauregard,"37,497"
Louisiana,Bienville,"13,241"
Louisiana,Bossier,"127,039"
Louisiana,Caddo,"240,204"
Louisiana,Calcasieu,"203,436"
Louisiana,Caldwell,"9,918"
Louisiana,Cameron,"6,973"
Louisiana,Catahoula,"9,494"
Louisiana,Claiborne,"15,670"
Louisiana,Concordia,"19,259"
Louisiana,De Soto,"27,463"
Louisiana,East Baton Rouge,"440,059"
Louisiana,East Carroll,"6,861"
Louisiana,East Feliciana,"19,135"
Louisiana,Evangeline,"33,395"
Louisiana,Franklin,"20,015"
Louisiana,Grant,"22,389"
Louisiana,Iberia,"69,830"
Louisiana,Iberville,"32,511"
Louisiana,Jackson,"15,744"
Louisiana,Jefferson,"432,493"
Louisiana,Jefferson Davis,"31,368"
Louisiana,Lafayette,"244,390"
Louisiana,Lafourche,"97,614"
Louisiana,LaSalle,"14,892"
Louisiana,Lincoln,"46,742"
Louisiana,Livingston,"140,789"
Louisiana,Madison,"10,951"
Louisiana,Morehouse,"24,874"
Louisiana,Natchitoches,"38,158"
Louisiana,Orleans,"390,144"
Louisiana,Ouachita,"153,279"
Louisiana,Plaquemines,"23,197"
Louisiana,Pointe Coupee,"21,730"
Louisiana,Rapides,"129,648"
Louisiana,Red River,"8,442"
Louisiana,Richland,"20,122"
Louisiana,Sabine,"23,884"
Louisiana,St. Bernard,"47,244"
Louisiana,St. Charles,"53,100"
Louisiana,St. Helena,"10,132"
Louisiana,St. James,"21,096"
Louisiana,St. John the Baptist,"42,837"
Louisiana,St. Landry,"82,124"
Louisiana,St. Martin,"53,431"
Louisiana,St. Mary,"49,348"
Louisiana,St. Tammany,"260,419"
Louisiana,Tangipahoa,"134,758"
Louisiana,Tensas,"4,334"
Louisiana,Terrebonne,"110,461"
Louisiana,Union,"22,108"
Louisiana,Vermilion,"59,511"
Louisiana,Vernon,"47,429"
Louisiana,Washington,"46,194"
Louisiana,Webster,"38,340"
Louisiana,West Baton Rouge,"26,465"
Louisiana,West Carroll,"10,830"
Louisiana,West Feliciana,"15,568"
Louisiana,Winn,"13,904"
Maine,Androscoggin,"108,277"
Maine,Aroostook,"67,055"
Maine,Cumberland,"295,003"
Maine,Franklin,"30,199"
Maine,Hancock,"54,987"
Maine,Kennebec,"122,302"
Maine,Knox,"39,772"
Maine,Lincoln,"34,634"
Maine,Oxford,"57,975"
Maine,Penobscot,"152,148"
Maine,Piscataquis,"16,785"
Maine,Sagadahoc,"35,856"
Maine,Somerset,"50,484"
Maine,Waldo,"39,715"
Maine,Washington,"31,379"
Maine,York,"207,641"
Maryland,Allegany,"70,416"
Maryland,Anne Arundel,"579,234"
Maryland,Baltimore,"827,370"
Maryland,Calvert,"92,525"
Maryland,Caroline,"33,406"
Maryland,Carroll,"168,447"
Maryland,Cecil,"102,855"
Maryland,Charles,"163,257"
Maryland,Dorchester,"31,929"
Maryland,Frederick,"259,547"
Maryland,Garrett,"29,014"
Maryland,Harford,"255,441"
Maryland,Howard,"325,690"
Maryland,Kent,"19,422"
Maryland,Montgomery,"1,050,688"
Maryland,Prince George's,"909,327"
Maryland,Queen Anne's,"50,381"
Maryland,St. Mary's,"113,510"
Maryland,Somerset,"25,616"
Maryland,Talbot,"37,181"
Maryland,Washington,"151,049"
Maryland,Wicomico,"103,609"
Maryland,Worcester,"52,276"
Maryland,Baltimore,"593,490"
Massachusetts,Barnstable,"212,990"
Massachusetts,Berkshire,"124,944"
Massachusetts,Bristol,"565,217"
Massachusetts,Dukes,"17,332"
Massachusetts,Essex,"789,034"
Massachusetts,Franklin,"70,180"
Massachusetts,Hampden,"466,372"
Massachusetts,Hampshire,"160,830"
Massachusetts,Middlesex,"1,611,699"
Massachusetts,Nantucket,"11,399"
Massachusetts,Norfolk,"706,775"
Massachusetts,Plymouth,"521,202"
Massachusetts,Suffolk,"803,907"
Massachusetts,Worcester,"830,622"
Michigan,Alcona,"10,405"
Michigan,Alger,"9,108"
Michigan,Allegan,"118,081"
Michigan,Alpena,"28,405"
Michigan,Antrim,"23,324"
Michigan,Arenac,"14,883"
Michigan,Baraga,"8,209"
Michigan,Barry,"61,550"
Michigan,Bay,"103,126"
Michigan,Benzie,"17,766"
Michigan,Berrien,"153,401"
Michigan,Branch,"43,517"
Michigan,Calhoun,"134,159"
Michigan,Cass,"51,787"
Michigan,Charlevoix,"26,143"
Michigan,Cheboygan,"25,276"
Michigan,Chippewa,"37,349"
Michigan,Clare,"30,950"
Michigan,Clinton,"79,595"
Michigan,Crawford,"14,029"
Michigan,Delta,"35,784"
Michigan,Dickinson,"25,239"
Michigan,Eaton,"110,268"
Michigan,Emmet,"33,415"
Michigan,Genesee,"405,813"
Michigan,Gladwin,"25,449"
Michigan,Gogebic,"13,975"
Michigan,Grand Traverse,"93,088"
Michigan,Gratiot,"40,711"
Michigan,Hillsdale,"45,605"
Michigan,Houghton,"35,684"
Michigan,Huron,"30,981"
Michigan,Ingham,"292,406"
Michigan,Ionia,"64,697"
Michigan,Iosco,"25,127"
Michigan,Iron,"11,066"
Michigan,Isabella,"69,872"
Michigan,Jackson,"158,510"
Michigan,Kalamazoo,"265,066"
Michigan,Kalkaska,"18,038"
Michigan,Kent,"656,955"
Michigan,Keweenaw,"2,116"
Michigan,Lake,"11,853"
Michigan,Lapeer,"87,607"
Michigan,Leelanau,"21,761"
Michigan,Lenawee,"98,451"
Michigan,Livingston,"191,995"
Michigan,Luce,"6,229"
Michigan,Mackinac,"10,799"
Michigan,Macomb,"873,972"
Michigan,Manistee,"24,558"
Michigan,Marquette,"66,699"
Michigan,Mason,"29,144"
Michigan,Mecosta,"43,453"
Michigan,Menominee,"22,780"
Michigan,Midland,"83,156"
Michigan,Missaukee,"15,118"
Michigan,Monroe,"150,500"
Michigan,Montcalm,"63,888"
Michigan,Montmorency,"9,328"
Michigan,Muskegon,"173,566"
Michigan,Newaygo,"48,980"
Michigan,Oakland,"1,257,584"
Michigan,Oceana,"26,467"
Michigan,Ogemaw,"20,997"
Michigan,Ontonagon,"5,720"
Michigan,Osceola,"23,460"
Michigan,Oscoda,"8,241"
Michigan,Otsego,"24,668"
Michigan,Ottawa,"291,830"
Michigan,Presque Isle,"12,592"
Michigan,Roscommon,"24,019"
Michigan,Saginaw,"190,539"
Michigan,St. Clair,"159,128"
Michigan,St. Joseph,"60,964"
Michigan,Sanilac,"41,170"
Michigan,Schoolcraft,"8,094"
Michigan,Shiawassee,"68,122"
Michigan,Tuscola,"52,245"
Michigan,Van Buren,"75,677"
Michigan,Washtenaw,"367,601"
Michigan,Wayne,"1,749,343"
Michigan,Wexford,"33,631"
Minnesota,Aitkin,"15,886"
Minnesota,Anoka,"356,921"
Minnesota,Becker,"34,423"
Minnesota,Beltrami,"47,188"
Minnesota,Benton,"40,889"
Minnesota,Big Stone,"4,991"
Minnesota,Blue Earth,"67,653"
Minnesota,Brown,"25,008"
Minnesota,Carlton,"35,871"
Minnesota,Carver,"105,089"
Minnesota,Cass,"29,779"
Minnesota,Chippewa,"11,800"
Minnesota,Chisago,"56,579"
Minnesota,Clay,"64,222"
Minnesota,Clearwater,"8,818"
Minnesota,Cook,"5,463"
Minnesota,Cottonwood,"11,196"
Minnesota,Crow Wing,"65,055"
Minnesota,Dakota,"429,021"
Minnesota,Dodge,"20,934"
Minnesota,Douglas,"38,141"
Minnesota,Faribault,"13,653"
Minnesota,Fillmore,"21,067"
Minnesota,Freeborn,"30,281"
Minnesota,Goodhue,"46,340"
Minnesota,Grant,"5,972"
Minnesota,Hennepin,"1,265,843"
Minnesota,Houston,"18,600"
Minnesota,Hubbard,"21,491"
Minnesota,Isanti,"40,596"
Minnesota,Itasca,"45,130"
Minnesota,Jackson,"9,846"
Minnesota,Kanabec,"16,337"
Minnesota,Kandiyohi,"43,199"
Minnesota,Kittson,"4,298"
Minnesota,Koochiching,"12,229"
Minnesota,Lac qui Parle,"6,623"
Minnesota,Lake,"10,641"
Minnesota,Lake of the Woods,"3,740"
Minnesota,Le Sueur,"28,887"
Minnesota,Lincoln,"5,639"
Minnesota,Lyon,"25,474"
Minnesota,McLeod,"35,893"
Minnesota,Mahnomen,"5,527"
Minnesota,Marshall,"9,336"
Minnesota,Martin,"19,683"
Minnesota,Meeker,"23,222"
Minnesota,Mille Lacs,"26,277"
Minnesota,Morrison,"33,386"
Minnesota,Mower,"40,062"
Minnesota,Murray,"8,194"
Minnesota,Nicollet,"34,274"
Minnesota,Nobles,"21,629"
Minnesota,Norman,"6,375"
Minnesota,Olmsted,"158,293"
Minnesota,Otter Tail,"58,746"
Minnesota,Pennington,"14,119"
Minnesota,Pine,"29,579"
Minnesota,Pipestone,"9,126"
Minnesota,Polk,"31,364"
Minnesota,Pope,"11,249"
Minnesota,Ramsey,"550,321"
Minnesota,Red Lake,"4,055"
Minnesota,Redwood,"15,170"
Minnesota,Renville,"14,548"
Minnesota,Rice,"66,972"
Minnesota,Rock,"9,315"
Minnesota,Roseau,"15,165"
Minnesota,St. Louis,"199,070"
Minnesota,Scott,"149,013"
Minnesota,Sherburne,"97,238"
Minnesota,Sibley,"14,865"
Minnesota,Stearns,"161,075"
Minnesota,Steele,"36,649"
Minnesota,Stevens,"9,805"
Minnesota,Swift,"9,266"
Minnesota,Todd,"24,664"
Minnesota,Traverse,"3,259"
Minnesota,Wabasha,"21,627"
Minnesota,Wadena,"13,682"
Minnesota,Waseca,"18,612"
Minnesota,Washington,"262,440"
Minnesota,Watonwan,"10,897"
Minnesota,Wilkin,"6,207"
Minnesota,Winona,"50,484"
Minnesota,Wright,"138,377"
Minnesota,Yellow Medicine,"9,709"
Mississippi,Adams,"30,693"
Mississippi,Alcorn,"36,953"
Mississippi,Amite,"12,297"
Mississippi,Attala,"18,174"
Mississippi,Benton,"8,259"
Mississippi,Bolivar,"30,628"
Mississippi,Calhoun,"14,361"
Mississippi,Carroll,"9,947"
Mississippi,Chickasaw,"17,103"
Mississippi,Choctaw,"8,210"
Mississippi,Claiborne,"8,988"
Mississippi,Clarke,"15,541"
Mississippi,Clay,"19,316"
Mississippi,Coahoma,"22,124"
Mississippi,Copiah,"28,065"
Mississippi,Covington,"18,636"
Mississippi,DeSoto,"184,945"
Mississippi,Forrest,"74,897"
Mississippi,Franklin,"7,713"
Mississippi,George,"24,500"
Mississippi,Greene,"13,586"
Mississippi,Grenada,"20,758"
Mississippi,Hancock,"47,632"
Mississippi,Harrison,"208,080"
Mississippi,Hinds,"231,840"
Mississippi,Holmes,"17,010"
Mississippi,Humphreys,"8,064"
Mississippi,Issaquena,"1,327"
Mississippi,Itawamba,"23,390"
Mississippi,Jackson,"143,617"
Mississippi,Jasper,"16,383"
Mississippi,Jefferson,"6,990"
Mississippi,Jefferson Davis,"11,128"
Mississippi,Jones,"68,098"
Mississippi,Kemper,"9,742"
Mississippi,Lafayette,"54,019"
Mississippi,Lamar,"63,343"
Mississippi,Lauderdale,"74,125"
Mississippi,Lawrence,"12,586"
Mississippi,Leake,"22,786"
Mississippi,Lee,"85,436"
Mississippi,Leflore,"28,183"
Mississippi,Lincoln,"34,153"
Mississippi,Lowndes,"58,595"
Mississippi,Madison,"106,272"
Mississippi,Marion,"24,573"
Mississippi,Marshall,"35,294"
Mississippi,Monroe,"35,252"
Mississippi,Montgomery,"9,775"
Mississippi,Neshoba,"29,118"
Mississippi,Newton,"21,018"
Mississippi,Noxubee,"10,417"
Mississippi,Oktibbeha,"49,587"
Mississippi,Panola,"34,192"
Mississippi,Pearl River,"55,535"
Mississippi,Perry,"11,973"
Mississippi,Pike,"39,288"
Mississippi,Pontotoc,"32,174"
Mississippi,Prentiss,"25,126"
Mississippi,Quitman,"6,792"
Mississippi,Rankin,"155,271"
Mississippi,Scott,"28,124"
Mississippi,Sharkey,"4,321"
Mississippi,Simpson,"26,658"
Mississippi,Smith,"15,916"
Mississippi,Stone,"18,336"
Mississippi,Sunflower,"25,110"
Mississippi,Tallahatchie,"13,809"
Mississippi,Tate,"28,321"
Mississippi,Tippah,"22,015"
Mississippi,Tishomingo,"19,383"
Mississippi,Tunica,"9,632"
Mississippi,Union,"28,815"
Mississippi,Walthall,"14,286"
Mississippi,Warren,"45,381"
Mississippi,Washington,"43,909"
Mississippi,Wayne,"20,183"
Mississippi,Webster,"9,689"
Mississippi,Wilkinson,"8,630"
Mississippi,Winston,"17,955"
Mississippi,Yalobusha,"12,108"
Mississippi,Yazoo,"29,690"
Missouri,Adair,"25,343"
Missouri,Andrew,"17,712"
Missouri,Atchison,"5,143"
Missouri,Audrain,"25,388"
Missouri,Barry,"35,789"
Missouri,Barton,"11,754"
Missouri,Bates,"16,172"
Missouri,Benton,"19,443"
Missouri,Bollinger,"12,133"
Missouri,Boone,"180,463"
Missouri,Buchanan,"87,364"
Missouri,Butler,"42,478"
Missouri,Caldwell,"9,020"
Missouri,Callaway,"44,743"
Missouri,Camden,"46,305"
Missouri,Cape Girardeau,"78,871"
Missouri,Carroll,"8,679"
Missouri,Carter,"5,982"
Missouri,Cass,"105,780"
Missouri,Cedar,"14,349"
Missouri,Chariton,"7,426"
Missouri,Christian,"88,595"
Missouri,Clark,"6,797"
Missouri,Clay,"249,948"
Missouri,Clinton,"20,387"
Missouri,Cole,"76,745"
Missouri,Cooper,"17,709"
Missouri,Crawford,"23,920"
Missouri,Dade,"7,561"
Missouri,Dallas,"16,878"
Missouri,Daviess,"8,278"
Missouri,DeKalb,"12,547"
Missouri,Dent,"15,573"
Missouri,Douglas,"13,185"
Missouri,Dunklin,"29,131"
Missouri,Franklin,"103,967"
Missouri,Gasconade,"14,706"
Missouri,Gentry,"6,571"
Missouri,Greene,"293,086"
Missouri,Grundy,"9,850"
Missouri,Harrison,"8,352"
Missouri,Henry,"21,824"
Missouri,Hickory,"9,544"
Missouri,Holt,"4,403"
Missouri,Howard,"10,001"
Missouri,Howell,"40,117"
Missouri,Iron,"10,125"
Missouri,Jackson,"703,011"
Missouri,Jasper,"121,328"
Missouri,Jefferson,"225,081"
Missouri,Johnson,"54,062"
Missouri,Knox,"3,959"
Missouri,Laclede,"35,723"
Missouri,Lafayette,"32,708"
Missouri,Lawrence,"38,355"
Missouri,Lewis,"9,776"
Missouri,Lincoln,"59,013"
Missouri,Linn,"11,920"
Missouri,Livingston,"15,227"
Missouri,McDonald,"22,837"
Missouri,Macon,"15,117"
Missouri,Madison,"12,088"
Missouri,Maries,"8,697"
Missouri,Marion,"28,530"
Missouri,Mercer,"3,617"
Missouri,Miller,"25,619"
Missouri,Mississippi,"13,180"
Missouri,Moniteau,"16,132"
Missouri,Monroe,"8,644"
Missouri,Montgomery,"11,551"
Missouri,Morgan,"20,627"
Missouri,New Madrid,"17,076"
Missouri,Newton,"58,236"
Missouri,Nodaway,"22,092"
Missouri,Oregon,"10,529"
Missouri,Osage,"13,615"
Missouri,Ozark,"9,174"
Missouri,Pemiscot,"15,805"
Missouri,Perry,"19,136"
Missouri,Pettis,"42,339"
Missouri,Phelps,"44,573"
Missouri,Pike,"18,302"
Missouri,Platte,"104,418"
Missouri,Polk,"32,149"
Missouri,Pulaski,"52,607"
Missouri,Putnam,"4,696"
Missouri,Ralls,"10,309"
Missouri,Randolph,"24,748"
Missouri,Ray,"23,018"
Missouri,Reynolds,"6,270"
Missouri,Ripley,"13,288"
Missouri,St. Charles,"402,022"
Missouri,St. Clair,"9,397"
Missouri,Ste. Genevieve,"17,894"
Missouri,St. Francois,"67,215"
Missouri,St. Louis,"994,205"
Missouri,Saline,"22,761"
Missouri,Schuyler,"4,660"
Missouri,Scotland,"4,902"
Missouri,Scott,"38,280"
Missouri,Shannon,"8,166"
Missouri,Shelby,"5,930"
Missouri,Stoddard,"29,025"
Missouri,Stone,"31,952"
Missouri,Sullivan,"6,089"
Missouri,Taney,"55,928"
Missouri,Texas,"25,398"
Missouri,Vernon,"20,563"
Missouri,Warren,"35,649"
Missouri,Washington,"24,730"
Missouri,Wayne,"12,873"
Missouri,Webster,"39,592"
Missouri,Worth,"2,013"
Missouri,Wright,"18,289"
Missouri,St. Louis,"300,576"
Montana,Beaverhead,"9,453"
Montana,Big Horn,"13,319"
Montana,Blaine,"6,681"
Montana,Broadwater,"6,237"
Montana,Carbon,"10,725"
Montana,Carter,"1,252"
Montana,Cascade,"81,366"
Montana,Chouteau,"5,635"
Montana,Custer,"11,402"
Montana,Daniels,"1,690"
Montana,Dawson,"8,613"
Montana,Deer Lodge,"9,140"
Montana,Fallon,"2,846"
Montana,Fergus,"11,050"
Montana,Flathead,"103,806"
Montana,Gallatin,"114,434"
Montana,Garfield,"1,258"
Montana,Glacier,"13,753"
Montana,Golden Valley,821
Montana,Granite,"3,379"
Montana,Hill,"16,484"
Montana,Jefferson,"12,221"
Montana,Judith Basin,"2,007"
Montana,Lake,"30,458"
Montana,Lewis and Clark,"69,432"
Montana,Liberty,"2,337"
Montana,Lincoln,"19,980"
Montana,McCone,"1,664"
Montana,Madison,"8,600"
Montana,Meagher,"1,862"
Montana,Mineral,"4,397"
Montana,Missoula,"119,600"
Montana,Musselshell,"4,633"
Montana,Park,"16,606"
Montana,Petroleum,487
Montana,Phillips,"3,954"
Montana,Pondera,"5,911"
Montana,Powder River,"1,682"
Montana,Powell,"6,890"
Montana,Prairie,"1,077"
Montana,Ravalli,"43,806"
Montana,Richland,"10,803"
Montana,Roosevelt,"11,004"
Montana,Rosebud,"8,937"
Montana,Sanders,"12,113"
Montana,Sheridan,"3,309"
Montana,Silver Bow,"34,915"
Montana,Stillwater,"9,642"
Montana,Sweet Grass,"3,737"
Montana,Teton,"6,147"
Montana,Toole,"4,736"
Montana,Treasure,696
Montana,Valley,"7,396"
Montana,Wheatland,"2,126"
Montana,Wibaux,969
Montana,Yellowstone,"161,300"
Nebraska,Adams,"31,363"
Nebraska,Antelope,"6,298"
Nebraska,Arthur,463
Nebraska,Banner,745
Nebraska,Blaine,465
Nebraska,Boone,"5,192"
Nebraska,Box Butte,"10,783"
Nebraska,Boyd,"1,919"
Nebraska,Brown,"2,955"
Nebraska,Buffalo,"49,659"
Nebraska,Burt,"6,459"
Nebraska,Butler,"8,016"
Nebraska,Cass,"26,248"
Nebraska,Cedar,"8,402"
Nebraska,Chase,"3,924"
Nebraska,Cherry,"5,689"
Nebraska,Cheyenne,"8,910"
Nebraska,Clay,"6,203"
Nebraska,Colfax,"10,709"
Nebraska,Cuming,"8,846"
Nebraska,Custer,"10,777"
Nebraska,Dakota,"20,026"
Nebraska,Dawes,"8,589"
Nebraska,Dawson,"23,595"
Nebraska,Deuel,"1,794"
Nebraska,Dixon,"5,636"
Nebraska,Dodge,"36,565"
Nebraska,Douglas,"571,327"
Nebraska,Dundy,"1,693"
Nebraska,Fillmore,"5,462"
Nebraska,Franklin,"2,979"
Nebraska,Frontier,"2,627"
Nebraska,Furnas,"4,676"
Nebraska,Gage,"21,513"
Nebraska,Garden,"1,837"
Nebraska,Garfield,"1,969"
Nebraska,Gosper,"1,990"
Nebraska,Grant,623
Nebraska,Greeley,"2,356"
Nebraska,Hall,"61,353"
Nebraska,Hamilton,"9,324"
Nebraska,Harlan,"3,380"
Nebraska,Hayes,922
Nebraska,Hitchcock,"2,762"
Nebraska,Holt,"10,067"
Nebraska,Hooker,682
Nebraska,Howard,"6,445"
Nebraska,Jefferson,"7,046"
Nebraska,Johnson,"5,071"
Nebraska,Kearney,"6,495"
Nebraska,Keith,"8,034"
Nebraska,Keya Paha,806
Nebraska,Kimball,"3,632"
Nebraska,Knox,"8,332"
Nebraska,Lancaster,"319,090"
Nebraska,Lincoln,"34,914"
Nebraska,Logan,748
Nebraska,Loup,664
Nebraska,McPherson,494
Nebraska,Madison,"35,099"
Nebraska,Merrick,"7,755"
Nebraska,Morrill,"4,642"
Nebraska,Nance,"3,519"
Nebraska,Nemaha,"6,972"
Nebraska,Nuckolls,"4,148"
Nebraska,Otoe,"16,012"
Nebraska,Pawnee,"2,613"
Nebraska,Perkins,"2,891"
Nebraska,Phelps,"9,034"
Nebraska,Pierce,"7,148"
Nebraska,Platte,"33,470"
Nebraska,Polk,"5,213"
Nebraska,Red Willow,"10,724"
Nebraska,Richardson,"7,865"
Nebraska,Rock,"1,357"
Nebraska,Saline,"14,224"
Nebraska,Sarpy,"187,196"
Nebraska,Saunders,"21,578"
Nebraska,Scotts Bluff,"35,618"
Nebraska,Seward,"17,284"
Nebraska,Sheridan,"5,246"
Nebraska,Sherman,"3,001"
Nebraska,Sioux,"1,166"
Nebraska,Stanton,"5,920"
Nebraska,Thayer,"5,003"
Nebraska,Thomas,722
Nebraska,Thurston,"7,224"
Nebraska,Valley,"4,158"
Nebraska,Washington,"20,729"
Nebraska,Wayne,"9,385"
Nebraska,Webster,"3,487"
Nebraska,Wheeler,783
Nebraska,York,"13,679"
Nevada,Churchill,"24,909"
Nevada,Clark,"2,266,715"
Nevada,Douglas,"48,905"
Nevada,Elko,"52,778"
Nevada,Esmeralda,873
Nevada,Eureka,"2,029"
Nevada,Humboldt,"16,831"
Nevada,Lander,"5,532"
Nevada,Lincoln,"5,183"
Nevada,Lyon,"57,510"
Nevada,Mineral,"4,505"
Nevada,Nye,"46,523"
Nevada,Pershing,"6,725"
Nevada,Storey,"4,123"
Nevada,Washoe,"471,519"
Nevada,White Pine,"9,580"
Nevada,Carson City,"55,916"
New Hampshire,Belknap,"61,303"
New Hampshire,Carroll,"48,910"
New Hampshire,Cheshire,"76,085"
New Hampshire,Coos,"31,563"
New Hampshire,Grafton,"89,886"
New Hampshire,Hillsborough,"417,025"
New Hampshire,Merrimack,"151,391"
New Hampshire,Rockingham,"309,769"
New Hampshire,Strafford,"130,633"
New Hampshire,Sullivan,"43,146"
New Jersey,Atlantic,"263,670"
New Jersey,Bergen,"932,202"
New Jersey,Burlington,"445,349"
New Jersey,Camden,"506,471"
New Jersey,Cape May,"92,039"
New Jersey,Cumberland,"149,527"
New Jersey,Essex,"798,975"
New Jersey,Gloucester,"291,636"
New Jersey,Hudson,"672,391"
New Jersey,Hunterdon,"124,371"
New Jersey,Mercer,"367,430"
New Jersey,Middlesex,"825,062"
New Jersey,Monmouth,"618,795"
New Jersey,Morris,"491,845"
New Jersey,Ocean,"607,186"
New Jersey,Passaic,"501,826"
New Jersey,Salem,"62,385"
New Jersey,Somerset,"328,934"
New Jersey,Sussex,"140,488"
New Jersey,Union,"556,341"
New Jersey,Warren,"105,267"
New Mexico,Bernalillo,"679,121"
New Mexico,Catron,"3,527"
New Mexico,Chaves,"64,615"
New Mexico,Cibola,"26,675"
New Mexico,Colfax,"11,941"
New Mexico,Curry,"48,954"
New Mexico,De Baca,"1,748"
New Mexico,Doña Ana,"218,195"
New Mexico,Eddy,"58,460"
New Mexico,Grant,"26,998"
New Mexico,Guadalupe,"4,300"
New Mexico,Harding,625
New Mexico,Hidalgo,"4,198"
New Mexico,Lea,"71,070"
New Mexico,Lincoln,"19,572"
New Mexico,Los Alamos,"19,369"
New Mexico,Luna,"23,709"
New Mexico,McKinley,"71,367"
New Mexico,Mora,"4,521"
New Mexico,Otero,"67,490"
New Mexico,Quay,"8,253"
New Mexico,Rio Arriba,"38,921"
New Mexico,Roosevelt,"18,500"
New Mexico,Sandoval,"146,748"
New Mexico,San Juan,"123,958"
New Mexico,San Miguel,"27,277"
New Mexico,Santa Fe,"150,358"
New Mexico,Sierra,"10,791"
New Mexico,Socorro,"16,637"
New Mexico,Taos,"32,723"
New Mexico,Torrance,"15,461"
New Mexico,Union,"4,059"
New Mexico,Valencia,"76,688"
New York,Albany,"305,506"
New York,Allegany,"46,091"
New York,Bronx,"1,418,207"
New York,Broome,"190,488"
New York,Cattaraugus,"76,117"
New York,Cayuga,"76,576"
New York,Chautauqua,"126,903"
New York,Chemung,"83,456"
New York,Chenango,"47,207"
New York,Clinton,"80,485"
New York,Columbia,"59,461"
New York,Cortland,"47,581"
New York,Delaware,"44,135"
New York,Dutchess,"294,218"
New York,Erie,"918,702"
New York,Essex,"36,885"
New York,Franklin,"50,022"
New York,Fulton,"53,383"
New York,Genesee,"57,280"
New York,Greene,"47,188"
New York,Hamilton,"4,416"
New York,Herkimer,"61,319"
New York,Jefferson,"109,834"
New York,Kings,"2,559,903"
New York,Lewis,"26,296"
New York,Livingston,"62,914"
New York,Madison,"70,941"
New York,Monroe,"741,770"
New York,Montgomery,"49,221"
New York,Nassau,"1,356,924"
New York,New York,"1,628,706"
New York,Niagara,"209,281"
New York,Oneida,"228,671"
New York,Onondaga,"460,528"
New York,Ontario,"109,777"
New York,Orange,"384,940"
New York,Orleans,"40,352"
New York,Oswego,"117,124"
New York,Otsego,"59,493"
New York,Putnam,"98,320"
New York,Queens,"2,253,858"
New York,Rensselaer,"158,714"
New York,Richmond,"476,143"
New York,Rockland,"325,789"
New York,St. Lawrence,"107,740"
New York,Saratoga,"229,863"
New York,Schenectady,"155,299"
New York,Schoharie,"30,999"
New York,Schuyler,"17,807"
New York,Seneca,"34,016"
New York,Steuben,"95,379"
New York,Suffolk,"1,476,601"
New York,Sullivan,"75,432"
New York,Tioga,"48,203"
New York,Tompkins,"102,180"
New York,Ulster,"177,573"
New York,Warren,"63,944"
New York,Washington,"61,204"
New York,Wayne,"89,918"
New York,Westchester,"967,506"
New York,Wyoming,"39,859"
New York,Yates,"24,913"
North Carolina,Alamance,"169,509"
North Carolina,Alexander,"37,497"
North Carolina,Alleghany,"11,137"
North Carolina,Anson,"24,446"
North Carolina,Ashe,"27,203"
North Carolina,Avery,"17,557"
North Carolina,Beaufort,"46,994"
North Carolina,Bertie,"18,947"
North Carolina,Bladen,"32,722"
North Carolina,Brunswick,"142,820"
North Carolina,Buncombe,"261,191"
North Carolina,Burke,"90,485"
North Carolina,Cabarrus,"216,453"
North Carolina,Caldwell,"82,178"
North Carolina,Camden,"10,867"
North Carolina,Carteret,"69,473"
North Carolina,Caswell,"22,604"
North Carolina,Catawba,"159,551"
North Carolina,Chatham,"74,470"
North Carolina,Cherokee,"28,612"
North Carolina,Chowan,"13,943"
North Carolina,Clay,"11,231"
North Carolina,Cleveland,"97,947"
North Carolina,Columbus,"55,508"
North Carolina,Craven,"102,139"
North Carolina,Cumberland,"335,509"
North Carolina,Currituck,"27,763"
North Carolina,Dare,"37,009"
North Carolina,Davidson,"167,609"
North Carolina,Davie,"42,846"
North Carolina,Duplin,"58,741"
North Carolina,Durham,"321,488"
North Carolina,Edgecombe,"51,472"
North Carolina,Forsyth,"382,295"
North Carolina,Franklin,"69,685"
North Carolina,Gaston,"224,529"
North Carolina,Gates,"11,562"
North Carolina,Graham,"8,441"
North Carolina,Granville,"60,443"
North Carolina,Greene,"21,069"
North Carolina,Guilford,"537,174"
North Carolina,Halifax,"50,010"
North Carolina,Harnett,"135,976"
North Carolina,Haywood,"62,317"
North Carolina,Henderson,"117,417"
North Carolina,Hertford,"23,677"
North Carolina,Hoke,"55,234"
North Carolina,Hyde,"4,937"
North Carolina,Iredell,"181,806"
North Carolina,Jackson,"43,938"
North Carolina,Johnston,"209,339"
North Carolina,Jones,"9,419"
North Carolina,Lee,"61,779"
North Carolina,Lenoir,"55,949"
North Carolina,Lincoln,"86,111"
North Carolina,McDowell,"45,756"
North Carolina,Macon,"35,858"
North Carolina,Madison,"21,755"
North Carolina,Martin,"22,440"
North Carolina,Mecklenburg,"1,110,356"
North Carolina,Mitchell,"14,964"
North Carolina,Montgomery,"27,173"
North Carolina,Moore,"100,880"
North Carolina,Nash,"94,298"
North Carolina,New Hanover,"234,473"
North Carolina,Northampton,"19,483"
North Carolina,Onslow,"197,938"
North Carolina,Orange,"148,476"
North Carolina,Pamlico,"12,726"
North Carolina,Pasquotank,"39,824"
North Carolina,Pender,"63,060"
North Carolina,Perquimans,"13,463"
North Carolina,Person,"39,490"
North Carolina,Pitt,"180,742"
North Carolina,Polk,"20,724"
North Carolina,Randolph,"143,667"
North Carolina,Richmond,"44,829"
North Carolina,Robeson,"130,625"
North Carolina,Rockingham,"91,010"
North Carolina,Rowan,"142,088"
North Carolina,Rutherford,"67,029"
North Carolina,Sampson,"63,531"
North Carolina,Scotland,"34,823"
North Carolina,Stanly,"62,806"
North Carolina,Stokes,"45,591"
North Carolina,Surry,"71,783"
North Carolina,Swain,"14,271"
North Carolina,Transylvania,"34,385"
North Carolina,Tyrrell,"4,016"
North Carolina,Union,"239,859"
North Carolina,Vance,"44,535"
North Carolina,Wake,"1,111,761"
North Carolina,Warren,"19,731"
North Carolina,Washington,"11,580"
North Carolina,Watauga,"56,177"
North Carolina,Wayne,"123,131"
North Carolina,Wilkes,"68,412"
North Carolina,Wilson,"81,801"
North Carolina,Yadkin,"37,667"
North Carolina,Yancey,"18,069"
North Dakota,Adams,"2,216"
North Dakota,Barnes,"10,415"
North Dakota,Benson,"6,832"
North Dakota,Billings,928
North Dakota,ottineau,"6,282"
North Dakota,Bowman,"3,024"
North Dakota,Burke,"2,115"
North Dakota,Burleigh,"95,626"
North Dakota,Cass,"181,923"
North Dakota,Cavalier,"3,762"
North Dakota,Dickey,"4,872"
North Dakota,Divide,"2,264"
North Dakota,Dunn,"4,424"
North Dakota,Eddy,"2,287"
North Dakota,Emmons,"3,241"
North Dakota,Foster,"3,210"
North Dakota,Golden Valley,"1,761"
North Dakota,Grand Forks,"69,451"
North Dakota,Grant,"2,274"
North Dakota,Griggs,"2,231"
North Dakota,Hettinger,"2,499"
North Dakota,Kidder,"2,480"
North Dakota,LaMoure,"4,046"
North Dakota,Logan,"1,850"
North Dakota,McHenry,"5,745"
North Dakota,McIntosh,"2,497"
North Dakota,McKenzie,"15,024"
North Dakota,McLean,"9,450"
North Dakota,Mercer,"8,187"
North Dakota,Morton,"31,364"
North Dakota,Mountrail,"10,545"
North Dakota,Nelson,"2,879"
North Dakota,Oliver,"1,959"
North Dakota,Pembina,"6,801"
North Dakota,Pierce,"3,975"
North Dakota,Ramsey,"11,519"
North Dakota,Ransom,"5,218"
North Dakota,Renville,"2,327"
North Dakota,Richland,"16,177"
North Dakota,Rolette,"14,176"
North Dakota,Sargent,"3,898"
North Dakota,Sheridan,"1,315"
North Dakota,Sioux,"4,230"
North Dakota,Slope,750
North Dakota,Stark,"31,489"
North Dakota,Steele,"1,890"
North Dakota,Stutsman,"20,704"
North Dakota,Towner,"2,189"
North Dakota,Traill,"8,036"
North Dakota,Walsh,"10,641"
North Dakota,Ward,"67,641"
North Dakota,Wells,"3,834"
North Dakota,Williams,"37,589"
Ohio,Adams,"27,698"
Ohio,Allen,"102,351"
Ohio,Ashland,"53,484"
Ohio,Ashtabula,"97,241"
Ohio,Athens,"65,327"
Ohio,Auglaize,"45,656"
Ohio,Belmont,"67,006"
Ohio,Brown,"43,432"
Ohio,Butler,"383,134"
Ohio,Carroll,"26,914"
Ohio,Champaign,"38,885"
Ohio,Clark,"134,083"
Ohio,Clermont,"206,428"
Ohio,Clinton,"41,968"
Ohio,Columbiana,"101,883"
Ohio,Coshocton,"36,600"
Ohio,Crawford,"41,494"
Ohio,Cuyahoga,"1,235,072"
Ohio,Darke,"51,113"
Ohio,Defiance,"38,087"
Ohio,Delaware,"209,177"
Ohio,Erie,"74,266"
Ohio,Fairfield,"157,574"
Ohio,Fayette,"28,525"
Ohio,Franklin,"1,316,756"
Ohio,Fulton,"42,126"
Ohio,Gallia,"29,898"
Ohio,Geauga,"93,649"
Ohio,Greene,"168,937"
Ohio,Guernsey,"38,875"
Ohio,Hamilton,"817,473"
Ohio,Hancock,"75,783"
Ohio,Hardin,"31,365"
Ohio,Harrison,"15,040"
Ohio,Henry,"27,006"
Ohio,Highland,"43,161"
Ohio,Hocking,"28,264"
Ohio,Holmes,"43,960"
Ohio,Huron,"58,266"
Ohio,Jackson,"32,413"
Ohio,Jefferson,"65,325"
Ohio,Knox,"62,322"
Ohio,Lake,"230,149"
Ohio,Lawrence,"59,463"
Ohio,Licking,"176,862"
Ohio,Logan,"45,672"
Ohio,Lorain,"309,833"
Ohio,Lucas,"428,348"
Ohio,Madison,"44,731"
Ohio,Mahoning,"228,683"
Ohio,Marion,"65,093"
Ohio,Medina,"179,746"
Ohio,Meigs,"22,907"
Ohio,Mercer,"41,172"
Ohio,Miami,"106,987"
Ohio,Monroe,"13,654"
Ohio,Montgomery,"531,687"
Ohio,Morgan,"14,508"
Ohio,Morrow,"35,328"
Ohio,Muskingum,"86,215"
Ohio,Noble,"14,424"
Ohio,Ottawa,"40,525"
Ohio,Paulding,"18,672"
Ohio,Perry,"36,134"
Ohio,Pickaway,"58,457"
Ohio,Pike,"27,772"
Ohio,Portage,"162,466"
Ohio,Preble,"40,882"
Ohio,Putnam,"33,861"
Ohio,Richland,"121,154"
Ohio,Ross,"76,666"
Ohio,Sandusky,"58,518"
Ohio,Scioto,"75,314"
Ohio,Seneca,"55,178"
Ohio,Shelby,"48,590"
Ohio,Stark,"370,606"
Ohio,Summit,"541,013"
Ohio,Trumbull,"197,974"
Ohio,Tuscarawas,"91,987"
Ohio,Union,"58,988"
Ohio,Van Wert,"28,275"
Ohio,Vinton,"13,085"
Ohio,Warren,"234,602"
Ohio,Washington,"59,911"
Ohio,Wayne,"115,710"
Ohio,Williams,"36,692"
Ohio,Wood,"130,817"
Ohio,Wyandot,"21,772"
Oklahoma,Adair,"22,194"
Oklahoma,Alfalfa,"5,702"
Oklahoma,Atoka,"13,758"
Oklahoma,Beaver,"5,311"
Oklahoma,Beckham,"21,859"
Oklahoma,Blaine,"9,429"
Oklahoma,Bryan,"47,995"
Oklahoma,Caddo,"28,762"
Oklahoma,Canadian,"148,306"
Oklahoma,Carter,"48,111"
Oklahoma,Cherokee,"48,657"
Oklahoma,Choctaw,"14,672"
Oklahoma,Cimarron,"2,137"
Oklahoma,Cleveland,"284,014"
Oklahoma,Coal,"5,495"
Oklahoma,Comanche,"120,749"
Oklahoma,Cotton,"5,666"
Oklahoma,Craig,"14,142"
Oklahoma,Creek,"71,522"
Oklahoma,Custer,"29,003"
Oklahoma,Delaware,"43,009"
Oklahoma,Dewey,"4,891"
Oklahoma,Ellis,"3,859"
Oklahoma,Garfield,"61,056"
Oklahoma,Garvin,"27,711"
Oklahoma,Grady,"55,834"
Oklahoma,Grant,"4,333"
Oklahoma,Greer,"5,712"
Oklahoma,Harmon,"2,653"
Oklahoma,Harper,"3,688"
Oklahoma,Haskell,"12,627"
Oklahoma,Hughes,"13,279"
Oklahoma,Jackson,"24,530"
Oklahoma,Jefferson,"6,002"
Oklahoma,Johnston,"11,085"
Oklahoma,Kay,"43,538"
Oklahoma,Kingfisher,"15,765"
Oklahoma,Kiowa,"8,708"
Oklahoma,Latimer,"10,073"
Oklahoma,Le Flore,"49,853"
Oklahoma,Lincoln,"34,877"
Oklahoma,Logan,"48,011"
Oklahoma,Love,"10,253"
Oklahoma,McClain,"40,474"
Oklahoma,McCurtain,"32,832"
Oklahoma,McIntosh,"19,596"
Oklahoma,Major,"7,629"
Oklahoma,Marshall,"16,931"
Oklahoma,Mayes,"41,100"
Oklahoma,Murray,"14,073"
Oklahoma,Muskogee,"67,997"
Oklahoma,Noble,"11,131"
Oklahoma,Nowata,"10,076"
Oklahoma,Okfuskee,"11,993"
Oklahoma,Oklahoma,"797,434"
Oklahoma,Okmulgee,"38,465"
Oklahoma,Osage,"46,963"
Oklahoma,Ottawa,"31,127"
Oklahoma,Pawnee,"16,376"
Oklahoma,Payne,"81,784"
Oklahoma,Pittsburg,"43,654"
Oklahoma,Pontotoc,"38,284"
Oklahoma,Pottawatomie,"72,592"
Oklahoma,Pushmataha,"11,096"
Oklahoma,Roger Mills,"3,583"
Oklahoma,Rogers,"92,459"
Oklahoma,Seminole,"24,258"
Oklahoma,Sequoyah,"41,569"
Oklahoma,Stephens,"43,143"
Oklahoma,Texas,"19,983"
Oklahoma,Tillman,"7,250"
Oklahoma,Tulsa,"651,552"
Oklahoma,Wagoner,"81,289"
Oklahoma,Washington,"51,527"
Oklahoma,Washita,"10,916"
Oklahoma,Woods,"8,793"
Oklahoma,Woodward,"20,211"
Oregon,Baker,"16,124"
Oregon,Benton,"93,053"
Oregon,Clackamas,"418,187"
Oregon,Clatsop,"40,224"
Oregon,Columbia,"52,354"
Oregon,Coos,"64,487"
Oregon,Crook,"24,404"
Oregon,Curry,"22,925"
Oregon,Deschutes,"197,692"
Oregon,Douglas,"110,980"
Oregon,Gilliam,"1,912"
Oregon,Grant,"7,199"
Oregon,Harney,"7,393"
Oregon,Hood River,"23,382"
Oregon,Jackson,"220,944"
Oregon,Jefferson,"24,658"
Oregon,Josephine,"87,487"
Oregon,Klamath,"68,238"
Oregon,Lake,"7,869"
Oregon,Lane,"382,067"
Oregon,Lincoln,"49,962"
Oregon,Linn,"129,749"
Oregon,Malheur,"30,571"
Oregon,Marion,"347,818"
Oregon,Morrow,"11,603"
Oregon,Multnomah,"812,855"
Oregon,Polk,"86,085"
Oregon,Sherman,"1,780"
Oregon,Tillamook,"27,036"
Oregon,Umatilla,"77,950"
Oregon,Union,"26,835"
Oregon,Wallowa,"7,208"
Oregon,Wasco,"26,682"
Oregon,Washington,"601,592"
Oregon,Wheeler,"1,332"
Oregon,Yamhill,"107,100"
Pennsylvania,Adams,"103,009"
Pennsylvania,Allegheny,"1,216,045"
Pennsylvania,Armstrong,"64,735"
Pennsylvania,Beaver,"163,929"
Pennsylvania,Bedford,"47,888"
Pennsylvania,Berks,"421,164"
Pennsylvania,Blair,"121,829"
Pennsylvania,Bradford,"60,323"
Pennsylvania,Bucks,"628,270"
Pennsylvania,Butler,"187,853"
Pennsylvania,Cambria,"130,192"
Pennsylvania,Cameron,"4,447"
Pennsylvania,Carbon,"64,182"
Pennsylvania,Centre,"162,385"
Pennsylvania,Chester,"524,989"
Pennsylvania,Clarion,"38,438"
Pennsylvania,Clearfield,"79,255"
Pennsylvania,Clinton,"38,632"
Pennsylvania,Columbia,"64,964"
Pennsylvania,Crawford,"84,629"
Pennsylvania,Cumberland,"253,370"
Pennsylvania,Dauphin,"278,299"
Pennsylvania,Delaware,"566,747"
Pennsylvania,Elk,"29,910"
Pennsylvania,Erie,"269,728"
Pennsylvania,Fayette,"129,274"
Pennsylvania,Forest,"7,247"
Pennsylvania,Franklin,"155,027"
Pennsylvania,Fulton,"14,530"
Pennsylvania,Greene,"36,233"
Pennsylvania,Huntingdon,"45,144"
Pennsylvania,Indiana,"84,073"
Pennsylvania,Jefferson,"43,425"
Pennsylvania,Juniata,"24,763"
Pennsylvania,Lackawanna,"209,674"
Pennsylvania,Lancaster,"545,724"
Pennsylvania,Lawrence,"85,512"
Pennsylvania,Lebanon,"141,793"
Pennsylvania,Lehigh,"369,318"
Pennsylvania,Luzerne,"317,417"
Pennsylvania,Lycoming,"113,299"
Pennsylvania,McKean,"40,625"
Pennsylvania,Mercer,"109,424"
Pennsylvania,Mifflin,"46,138"
Pennsylvania,Monroe,"170,271"
Pennsylvania,Montgomery,"830,915"
Pennsylvania,Montour,"18,230"
Pennsylvania,Northampton,"305,285"
Pennsylvania,Northumberland,"90,843"
Pennsylvania,Perry,"46,272"
Pennsylvania,Philadelphia,"1,584,064"
Pennsylvania,Pike,"55,809"
Pennsylvania,Potter,"16,526"
Pennsylvania,Schuylkill,"141,359"
Pennsylvania,Snyder,"40,372"
Pennsylvania,Somerset,"73,447"
Pennsylvania,Sullivan,"6,066"
Pennsylvania,Susquehanna,"40,328"
Pennsylvania,Tioga,"40,591"
Pennsylvania,Union,"44,923"
Pennsylvania,Venango,"50,668"
Pennsylvania,Warren,"39,191"
Pennsylvania,Washington,"206,865"
Pennsylvania,Wayne,"51,361"
Pennsylvania,Westmoreland,"348,899"
Pennsylvania,Wyoming,"26,794"
Pennsylvania,York,"449,058"
Rhode Island,Bristol,"48,479"
Rhode Island,Kent,"164,292"
Rhode Island,Newport,"82,082"
Rhode Island,Providence,"638,931"
Rhode Island,Washington,"125,577"
South Carolina,Abbeville,"24,527"
South Carolina,Aiken,"170,872"
South Carolina,Allendale,"8,688"
South Carolina,Anderson,"202,558"
South Carolina,Bamberg,"14,066"
South Carolina,Barnwell,"20,866"
South Carolina,Beaufort,"192,122"
South Carolina,Berkeley,"227,907"
South Carolina,Calhoun,"14,553"
South Carolina,Charleston,"411,406"
South Carolina,Cherokee,"57,300"
South Carolina,Chester,"32,244"
South Carolina,Chesterfield,"45,650"
South Carolina,Clarendon,"33,745"
South Carolina,Colleton,"37,677"
South Carolina,Darlington,"66,618"
South Carolina,Dillon,"30,479"
South Carolina,Dorchester,"162,809"
South Carolina,Edgefield,"27,260"
South Carolina,Fairfield,"22,347"
South Carolina,Florence,"138,293"
South Carolina,Georgetown,"62,680"
South Carolina,Greenville,"523,542"
South Carolina,Greenwood,"70,811"
South Carolina,Hampton,"19,222"
South Carolina,Horry,"354,081"
South Carolina,Jasper,"30,073"
South Carolina,Kershaw,"66,551"
South Carolina,Lancaster,"98,012"
South Carolina,Laurens,"67,493"
South Carolina,Lee,"16,828"
South Carolina,Lexington,"298,750"
South Carolina,McCormick,"9,463"
South Carolina,Marion,"30,657"
South Carolina,Marlboro,"26,118"
South Carolina,Newberry,"38,440"
South Carolina,Oconee,"79,546"
South Carolina,Orangeburg,"86,175"
South Carolina,Pickens,"126,884"
South Carolina,Richland,"415,759"
South Carolina,Saluda,"20,473"
South Carolina,Spartanburg,"319,785"
South Carolina,Sumter,"106,721"
South Carolina,Union,"27,316"
South Carolina,Williamsburg,"30,368"
South Carolina,York,"280,979"
South Dakota,Aurora,"2,751"
South Dakota,Beadle,"18,453"
South Dakota,Bennett,"3,365"
South Dakota,Bon Homme,"6,901"
South Dakota,Brookings,"35,077"
South Dakota,Brown,"38,839"
South Dakota,Brule,"5,297"
South Dakota,Buffalo,"1,962"
South Dakota,Butte,"10,429"
South Dakota,Campbell,"1,376"
South Dakota,Charles Mix,"9,292"
South Dakota,Clark,"3,736"
South Dakota,Clay,"14,070"
South Dakota,Codington,"28,009"
South Dakota,Corson,"4,086"
South Dakota,Custer,"8,972"
South Dakota,Davison,"19,775"
South Dakota,Day,"5,424"
South Dakota,Deuel,"4,351"
South Dakota,Dewey,"5,892"
South Dakota,Douglas,"2,921"
South Dakota,Edmunds,"3,829"
South Dakota,Fall River,"6,713"
South Dakota,Faulk,"2,299"
South Dakota,Grant,"7,052"
South Dakota,Gregory,"4,185"
South Dakota,Haakon,"1,899"
South Dakota,Hamlin,"6,164"
South Dakota,Hand,"3,191"
South Dakota,Hanson,"3,453"
South Dakota,Harding,"1,298"
South Dakota,Hughes,"17,526"
South Dakota,Hutchinson,"7,291"
South Dakota,Hyde,"1,301"
South Dakota,Jackson,"3,344"
South Dakota,Jerauld,"2,013"
South Dakota,Jones,903
South Dakota,Kingsbury,"4,939"
South Dakota,Lake,"12,797"
South Dakota,Lawrence,"25,844"
South Dakota,Lincoln,"61,128"
South Dakota,Lyman,"3,781"
South Dakota,McCook,"5,586"
South Dakota,McPherson,"2,379"
South Dakota,Marshall,"4,935"
South Dakota,Meade,"28,332"
South Dakota,Mellette,"2,061"
South Dakota,Miner,"2,216"
South Dakota,Minnehaha,"193,134"
South Dakota,Moody,"6,576"
South Dakota,Oglala Lakota,"14,177"
South Dakota,Pennington,"113,775"
South Dakota,Perkins,"2,865"
South Dakota,Potter,"2,153"
South Dakota,Roberts,"10,394"
South Dakota,Sanborn,"2,344"
South Dakota,Spink,"6,376"
South Dakota,Stanley,"3,098"
South Dakota,Sully,"1,391"
South Dakota,Todd,"10,177"
South Dakota,Tripp,"5,441"
South Dakota,Turner,"8,384"
South Dakota,Union,"15,932"
South Dakota,Walworth,"5,435"
South Dakota,Yankton,"22,814"
South Dakota,Ziebach,"2,756"
Tennessee,Anderson,"76,978"
Tennessee,Bedford,"49,713"
Tennessee,Benton,"16,160"
Tennessee,Bledsoe,"15,064"
Tennessee,Blount,"133,088"
Tennessee,Bradley,"108,110"
Tennessee,Campbell,"39,842"
Tennessee,Cannon,"14,678"
Tennessee,Carroll,"27,767"
Tennessee,Carter,"56,391"
Tennessee,Cheatham,"40,667"
Tennessee,Chester,"17,297"
Tennessee,Claiborne,"31,959"
Tennessee,Clay,"7,615"
Tennessee,Cocke,"36,004"
Tennessee,Coffee,"56,520"
Tennessee,Crockett,"14,230"
Tennessee,Cumberland,"60,520"
Tennessee,Davidson,"694,144"
Tennessee,Decatur,"11,663"
Tennessee,DeKalb,"20,490"
Tennessee,Dickson,"53,948"
Tennessee,Dyer,"37,159"
Tennessee,Fayette,"41,133"
Tennessee,Fentress,"18,523"
Tennessee,Franklin,"42,208"
Tennessee,Gibson,"49,133"
Tennessee,Giles,"29,464"
Tennessee,Grainger,"23,320"
Tennessee,Greene,"69,069"
Tennessee,Grundy,"13,427"
Tennessee,Hamblen,"64,934"
Tennessee,Hamilton,"367,804"
Tennessee,Hancock,"6,620"
Tennessee,Hardeman,"25,050"
Tennessee,Hardin,"25,652"
Tennessee,Hawkins,"56,786"
Tennessee,Haywood,"17,304"
Tennessee,Henderson,"28,117"
Tennessee,Henry,"32,345"
Tennessee,Hickman,"25,178"
Tennessee,Houston,"8,201"
Tennessee,Humphreys,"18,582"
Tennessee,Jackson,"11,786"
Tennessee,Jefferson,"54,495"
Tennessee,Johnson,"17,788"
Tennessee,Knox,"470,313"
Tennessee,Lake,"7,016"
Tennessee,Lauderdale,"25,633"
Tennessee,Lawrence,"44,142"
Tennessee,Lewis,"12,268"
Tennessee,Lincoln,"34,366"
Tennessee,Loudon,"54,068"
Tennessee,McMinn,"53,794"
Tennessee,McNairy,"25,694"
Tennessee,Macon,"24,602"
Tennessee,Madison,"97,984"
Tennessee,Marion,"28,907"
Tennessee,Marshall,"34,375"
Tennessee,Maury,"96,387"
Tennessee,Meigs,"12,422"
Tennessee,Monroe,"46,545"
Tennessee,Montgomery,"208,993"
Tennessee,Moore,"6,488"
Tennessee,Morgan,"21,403"
Tennessee,Obion,"30,069"
Tennessee,Overton,"22,241"
Tennessee,Perry,"8,076"
Tennessee,Pickett,"5,048"
Tennessee,Polk,"16,832"
Tennessee,Putnam,"80,245"
Tennessee,Rhea,"33,167"
Tennessee,Roane,"53,382"
Tennessee,Robertson,"71,813"
Tennessee,Rutherford,"332,285"
Tennessee,Scott,"22,068"
Tennessee,Sequatchie,"15,026"
Tennessee,Sevier,"98,250"
Tennessee,Shelby,"937,166"
Tennessee,Smith,"20,157"
Tennessee,Stewart,"13,715"
Tennessee,Sullivan,"158,348"
Tennessee,Sumner,"191,283"
Tennessee,Tipton,"61,599"
Tennessee,Trousdale,"11,284"
Tennessee,Unicoi,"17,883"
Tennessee,Union,"19,972"
Tennessee,Van Buren,"5,872"
Tennessee,Warren,"41,277"
Tennessee,Washington,"129,375"
Tennessee,Wayne,"16,673"
Tennessee,Weakley,"33,328"
Tennessee,White,"27,345"
Tennessee,Williamson,"238,412"
Tennessee,Wilson,"144,657"
Texas,Anderson,"57,735"
Texas,Andrews,"18,705"
Texas,Angelina,"86,715"
Texas,Aransas,"23,510"
Texas,Archer,"8,553"
Texas,Armstrong,"1,887"
Texas,Atascosa,"51,153"
Texas,Austin,"30,032"
Texas,Bailey,"7,000"
Texas,Bandera,"23,112"
Texas,Bastrop,"88,723"
Texas,Baylor,"3,509"
Texas,Bee,"32,565"
Texas,Bell,"362,924"
Texas,Bexar,"2,003,554"
Texas,Blanco,"11,931"
Texas,Borden,654
Texas,Bosque,"18,685"
Texas,Bowie,"93,245"
Texas,Brazoria,"374,264"
Texas,Brazos,"229,211"
Texas,Brewster,"9,203"
Texas,Briscoe,"1,546"
Texas,Brooks,"7,093"
Texas,Brown,"37,864"
Texas,Burleson,"18,443"
Texas,Burnet,"48,155"
Texas,Caldwell,"43,664"
Texas,Calhoun,"21,290"
Texas,Callahan,"13,943"
Texas,Cameron,"423,163"
Texas,Camp,"13,094"
Texas,Carson,"5,926"
Texas,Cass,"30,026"
Texas,Castro,"7,530"
Texas,Chambers,"43,837"
Texas,Cherokee,"52,646"
Texas,Childress,"7,306"
Texas,Clay,"10,471"
Texas,Cochran,"2,853"
Texas,Coke,"3,387"
Texas,Coleman,"8,175"
Texas,Collin,"1,034,730"
Texas,Collingsworth,"2,920"
Texas,Colorado,"21,493"
Texas,Comal,"156,209"
Texas,Comanche,"13,635"
Texas,Concho,"2,726"
Texas,Cooke,"41,257"
Texas,Coryell,"75,951"
Texas,Cottle,"1,398"
Texas,Crane,"4,797"
Texas,Crockett,"3,464"
Texas,Crosby,"5,737"
Texas,Culberson,"2,171"
Texas,Dallam,"7,287"
Texas,Dallas,"2,635,516"
Texas,Dawson,"12,728"
Texas,Deaf Smith,"18,546"
Texas,Delta,"5,331"
Texas,Denton,"887,207"
Texas,DeWitt,"20,160"
Texas,Dickens,"2,211"
Texas,Dimmit,"10,124"
Texas,Donley,"3,278"
Texas,Duval,"11,157"
Texas,Eastland,"18,360"
Texas,Ector,"166,223"
Texas,Edwards,"1,932"
Texas,Ellis,"184,826"
Texas,El Paso,"839,238"
Texas,Erath,"42,698"
Texas,Falls,"17,297"
Texas,Fannin,"35,514"
Texas,Fayette,"25,346"
Texas,Fisher,"3,830"
Texas,Floyd,"5,712"
Texas,Foard,"1,155"
Texas,Fort Bend,"811,688"
Texas,Franklin,"10,725"
Texas,Freestone,"19,717"
Texas,Frio,"20,306"
Texas,Gaines,"21,492"
Texas,Galveston,"342,139"
Texas,Garza,"6,229"
Texas,Gillespie,"26,988"
Texas,Glasscock,"1,409"
Texas,Goliad,"7,658"
Texas,Gonzales,"20,837"
Texas,Gray,"21,886"
Texas,Grayson,"136,212"
Texas,Gregg,"123,945"
Texas,Grimes,"28,880"
Texas,Guadalupe,"166,847"
Texas,Hale,"33,406"
Texas,Hall,"2,964"
Texas,Hamilton,"8,461"
Texas,Hansford,"5,399"
Texas,Hardeman,"3,933"
Texas,Hardin,"57,602"
Texas,Harris,"4,713,325"
Texas,Harrison,"66,553"
Texas,Hartley,"5,576"
Texas,Haskell,"5,658"
Texas,Hays,"230,191"
Texas,Hemphill,"3,819"
Texas,Henderson,"82,737"
Texas,Hidalgo,"868,707"
Texas,Hill,"36,649"
Texas,Hockley,"23,021"
Texas,Hood,"61,643"
Texas,Hopkins,"37,084"
Texas,Houston,"22,968"
Texas,Howard,"36,664"
Texas,Hudspeth,"4,886"
Texas,Hunt,"98,594"
Texas,Hutchinson,"20,938"
Texas,Irion,"1,536"
Texas,Jack,"8,935"
Texas,Jackson,"14,760"
Texas,Jasper,"35,529"
Texas,Jeff Davis,"2,274"
Texas,Jefferson,"251,565"
Texas,Jim Hogg,"5,200"
Texas,Jim Wells,"40,482"
Texas,Johnson,"175,817"
Texas,Jones,"20,083"
Texas,Karnes,"15,601"
Texas,Kaufman,"136,154"
Texas,Kendall,"47,431"
Texas,Kenedy,404
Texas,Kent,762
Texas,Kerr,"52,600"
Texas,Kimble,"4,337"
Texas,King,272
Texas,Kinney,"3,667"
Texas,Kleberg,"30,680"
Texas,Knox,"3,664"
Texas,Lamar,"49,859"
Texas,Lamb,"12,893"
Texas,Lampasas,"21,428"
Texas,La Salle,"7,520"
Texas,Lavaca,"20,154"
Texas,Lee,"17,239"
Texas,Leon,"17,404"
Texas,Liberty,"88,219"
Texas,Limestone,"23,437"
Texas,Lipscomb,"3,233"
Texas,Live Oak,"12,207"
Texas,Llano,"21,795"
Texas,Loving,169
Texas,Lubbock,"310,569"
Texas,Lynn,"5,951"
Texas,McCulloch,"7,984"
Texas,McLennan,"256,623"
Texas,McMullen,743
Texas,Madison,"14,284"
Texas,Marion,"9,854"
Texas,Martin,"5,771"
Texas,Mason,"4,274"
Texas,Matagorda,"36,643"
Texas,Maverick,"58,722"
Texas,Medina,"51,584"
Texas,Menard,"2,138"
Texas,Midland,"176,832"
Texas,Milam,"24,823"
Texas,Mills,"4,873"
Texas,Mitchell,"8,545"
Texas,Montague,"19,818"
Texas,Montgomery,"607,391"
Texas,Moore,"20,940"
Texas,Morris,"12,388"
Texas,Motley,"1,200"
Texas,Nacogdoches,"65,204"
Texas,Navarro,"50,113"
Texas,Newton,"13,595"
Texas,Nolan,"14,714"
Texas,Nueces,"362,294"
Texas,Ochiltree,"9,836"
Texas,Oldham,"2,112"
Texas,Orange,"83,396"
Texas,Palo Pinto,"29,189"
Texas,Panola,"23,194"
Texas,Parker,"142,878"
Texas,Parmer,"9,605"
Texas,Pecos,"15,823"
Texas,Polk,"51,353"
Texas,Potter,"117,415"
Texas,Presidio,"6,704"
Texas,Rains,"12,514"
Texas,Randall,"137,713"
Texas,Reagan,"3,849"
Texas,Real,"3,452"
Texas,Red River,"12,023"
Texas,Reeves,"15,976"
Texas,Refugio,"6,948"
Texas,Roberts,854
Texas,Robertson,"17,074"
Texas,Rockwall,"104,915"
Texas,Runnels,"10,264"
Texas,Rusk,"54,406"
Texas,Sabine,"10,542"
Texas,San Augustine,"8,237"
Texas,San Jacinto,"28,859"
Texas,San Patricio,"66,730"
Texas,San Saba,"6,055"
Texas,Schleicher,"2,793"
Texas,Scurry,"16,703"
Texas,Shackelford,"3,265"
Texas,Shelby,"25,274"
Texas,Sherman,"3,022"
Texas,Smith,"232,751"
Texas,Somervell,"9,128"
Texas,Starr,"64,633"
Texas,Stephens,"9,366"
Texas,Sterling,"1,291"
Texas,Stonewall,"1,350"
Texas,Sutton,"3,776"
Texas,Swisher,"7,397"
Texas,Tarrant,"2,102,515"
Texas,Taylor,"138,034"
Texas,Terrell,776
Texas,Terry,"12,337"
Texas,Throckmorton,"1,501"
Texas,Titus,"32,750"
Texas,Tom Green,"119,200"
Texas,Travis,"1,273,954"
Texas,Trinity,"14,651"
Texas,Tyler,"21,672"
Texas,Upshur,"41,753"
Texas,Upton,"3,657"
Texas,Uvalde,"26,741"
Texas,Val Verde,"49,025"
Texas,Van Zandt,"56,590"
Texas,Victoria,"92,084"
Texas,Walker,"72,971"
Texas,Waller,"55,246"
Texas,Ward,"11,998"
Texas,Washington,"35,882"
Texas,Webb,"276,652"
Texas,Wharton,"41,556"
Texas,Wheeler,"5,056"
Texas,Wichita,"132,230"
Texas,Wilbarger,"12,769"
Texas,Willacy,"21,358"
Texas,Williamson,"590,551"
Texas,Wilson,"51,070"
Texas,Winkler,"8,010"
Texas,Wise,"69,984"
Texas,Wood,"45,539"
Texas,Yoakum,"8,713"
Texas,Young,"18,010"
Texas,Zapata,"14,179"
Texas,Zavala,"11,840"
Utah,Beaver,"6,710"
Utah,Box Elder,"56,046"
Utah,Cache,"128,289"
Utah,Carbon,"20,463"
Utah,Daggett,950
Utah,Davis,"355,481"
Utah,Duchesne,"19,938"
Utah,Emery,"10,012"
Utah,Garfield,"5,051"
Utah,Grand,"9,754"
Utah,Iron,"54,839"
Utah,Juab,"12,017"
Utah,Kane,"7,886"
Utah,Millard,"13,188"
Utah,Morgan,"12,124"
Utah,Piute,"1,479"
Utah,Rich,"2,483"
Utah,Salt Lake,"1,160,437"
Utah,San Juan,"15,308"
Utah,Sanpete,"30,939"
Utah,Sevier,"21,620"
Utah,Summit,"42,145"
Utah,Tooele,"72,259"
Utah,Uintah,"35,734"
Utah,Utah,"636,235"
Utah,Wasatch,"34,091"
Utah,Washington,"177,556"
Utah,Wayne,"2,711"
Utah,Weber,"260,213"
Vermont,Addison,"36,777"
Vermont,Bennington,"35,470"
Vermont,Caledonia,"29,993"
Vermont,Chittenden,"163,774"
Vermont,Essex,"6,163"
Vermont,Franklin,"49,402"
Vermont,Grand Isle,"7,235"
Vermont,Lamoille,"25,362"
Vermont,Orange,"28,892"
Vermont,Orleans,"27,037"
Vermont,Rutland,"58,191"
Vermont,Washington,"58,409"
Vermont,Windham,"42,222"
Vermont,Windsor,"55,062"
Virginia,Accomack,"32,316"
Virginia,Albemarle,"109,330"
Virginia,Alleghany,"14,860"
Virginia,Amelia,"13,145"
Virginia,Amherst,"31,605"
Virginia,Appomattox,"15,911"
Virginia,Arlington,"236,842"
Virginia,Augusta,"75,558"
Virginia,Bath,"4,147"
Virginia,Bedford,"78,997"
Virginia,Bland,"6,280"
Virginia,Botetourt,"33,419"
Virginia,Brunswick,"16,231"
Virginia,Buchanan,"21,004"
Virginia,Buckingham,"17,148"
Virginia,Campbell,"54,885"
Virginia,Caroline,"30,725"
Virginia,Carroll,"29,791"
Virginia,Charles City,"6,963"
Virginia,Charlotte,"11,880"
Virginia,Chesterfield,"352,802"
Virginia,Clarke,"14,619"
Virginia,Craig,"5,131"
Virginia,Culpeper,"52,605"
Virginia,Cumberland,"9,932"
Virginia,Dickenson,"14,318"
Virginia,Dinwiddie,"28,544"
Virginia,Essex,"10,953"
Virginia,Fairfax,"1,147,532"
Virginia,Fauquier,"71,222"
Virginia,Floyd,"15,749"
Virginia,Fluvanna,"27,270"
Virginia,Franklin,"56,042"
Virginia,Frederick,"89,313"
Virginia,Giles,"16,720"
Virginia,Gloucester,"37,348"
Virginia,Goochland,"23,753"
Virginia,Grayson,"15,550"
Virginia,Greene,"19,819"
Virginia,Greensville,"11,336"
Virginia,Halifax,"33,911"
Virginia,Hanover,"107,766"
Virginia,Henrico,"330,818"
Virginia,Henry,"50,557"
Virginia,Highland,"2,190"
Virginia,Isle of Wight,"37,109"
Virginia,James City,"76,523"
Virginia,King and Queen,"7,025"
Virginia,King George,"26,836"
Virginia,King William,"17,148"
Virginia,Lancaster,"10,603"
Virginia,Lee,"23,423"
Virginia,Loudoun,"413,538"
Virginia,Louisa,"37,591"
Virginia,Lunenburg,"12,196"
Virginia,Madison,"13,261"
Virginia,Mathews,"8,834"
Virginia,Mecklenburg,"30,587"
Virginia,Middlesex,"10,582"
Virginia,Montgomery,"98,535"
Virginia,Nelson,"14,930"
Virginia,New Kent,"23,091"
Virginia,Northampton,"11,710"
Virginia,Northumberland,"12,095"
Virginia,Nottoway,"15,232"
Virginia,Orange,"37,051"
Virginia,Page,"23,902"
Virginia,Patrick,"17,608"
Virginia,Pittsylvania,"60,354"
Virginia,Powhatan,"29,652"
Virginia,Prince Edward,"22,802"
Virginia,Prince George,"38,353"
Virginia,Prince William,"470,335"
Virginia,Pulaski,"34,027"
Virginia,Rappahannock,"7,370"
Virginia,Richmond,"9,023"
Virginia,Roanoke,"94,186"
Virginia,Rockbridge,"22,573"
Virginia,Rockingham,"81,948"
Virginia,Russell,"26,586"
Virginia,Scott,"21,566"
Virginia,Shenandoah,"43,616"
Virginia,Smyth,"30,104"
Virginia,Southampton,"17,631"
Virginia,Spotsylvania,"136,215"
Virginia,Stafford,"152,882"
Virginia,Surry,"6,422"
Virginia,Sussex,"11,159"
Virginia,Tazewell,"40,595"
Virginia,Warren,"40,164"
Virginia,Washington,"53,740"
Virginia,Westmoreland,"18,015"
Virginia,Wise,"37,383"
Virginia,Wythe,"28,684"
Virginia,York,"68,280"
Virginia,Alexandria,"159,428"
Virginia,Bristol,"16,762"
Virginia,Buena Vista,"6,478"
Virginia,Charlottesville,"47,266"
Virginia,Chesapeake,"244,835"
Virginia,Colonial Heights,"17,370"
Virginia,Covington,"5,538"
Virginia,Danville,"40,044"
Virginia,Emporia,"5,346"
Virginia,Fairfax,"24,019"
Virginia,Falls Church,"14,617"
Virginia,Franklin,"7,967"
Virginia,Fredericksburg,"29,036"
Virginia,Galax,"6,347"
Virginia,Hampton,"134,510"
Virginia,Harrisonburg,"53,016"
Virginia,Hopewell,"22,529"
Virginia,Lexington,"7,446"
Virginia,Lynchburg,"82,168"
Virginia,Manassas,"41,085"
Virginia,Manassas Park,"17,478"
Virginia,Martinsville,"12,554"
Virginia,Newport News,"179,225"
Virginia,Norfolk,"242,742"
Virginia,Norton,"3,981"
Virginia,Petersburg,"31,346"
Virginia,Poquoson,"12,271"
Virginia,Portsmouth,"94,398"
Virginia,Radford,"18,249"
Virginia,Richmond,"230,436"
Virginia,Roanoke,"99,143"
Virginia,Salem,"25,301"
Virginia,Staunton,"24,932"
Virginia,Suffolk,"92,108"
Virginia,Virginia Beach,"449,974"
Virginia,Waynesboro,"22,630"
Virginia,Williamsburg,"14,954"
Virginia,Winchester,"28,078"
Washington,Adams,"19,983"
Washington,Asotin,"22,582"
Washington,Benton,"204,390"
Washington,Chelan,"77,200"
Washington,Clallam,"77,331"
Washington,Clark,"488,241"
Washington,Columbia,"3,985"
Washington,Cowlitz,"110,593"
Washington,Douglas,"43,429"
Washington,Ferry,"7,627"
Washington,Franklin,"95,222"
Washington,Garfield,"2,225"
Washington,Grant,"97,733"
Washington,Grays Harbor,"75,061"
Washington,Island,"85,141"
Washington,Jefferson,"32,221"
Washington,King,"2,252,782"
Washington,Kitsap,"271,473"
Washington,Kittitas,"47,935"
Washington,Klickitat,"22,425"
Washington,Lewis,"80,707"
Washington,Lincoln,"10,939"
Washington,Mason,"66,768"
Washington,Okanogan,"42,243"
Washington,Pacific,"22,471"
Washington,Pend Oreille,"13,724"
Washington,Pierce,"904,980"
Washington,San Juan,"17,582"
Washington,Skagit,"129,205"
Washington,Skamania,"12,083"
Washington,Snohomish,"822,083"
Washington,Spokane,"522,798"
Washington,Stevens,"45,723"
Washington,Thurston,"290,536"
Washington,Wahkiakum,"4,488"
Washington,Walla Walla,"60,760"
Washington,Whatcom,"229,247"
Washington,Whitman,"50,104"
Washington,Yakima,"250,873"
West Virginia,Barbour,"16,441"
West Virginia,Berkeley,"119,171"
West Virginia,Boone,"21,457"
West Virginia,Braxton,"13,957"
West Virginia,Brooke,"21,939"
West Virginia,Cabell,"91,945"
West Virginia,Calhoun,"7,109"
West Virginia,Clay,"8,508"
West Virginia,Doddridge,"8,448"
West Virginia,Fayette,"42,406"
West Virginia,Gilmer,"7,823"
West Virginia,Grant,"11,568"
West Virginia,Greenbrier,"34,662"
West Virginia,Hampshire,"23,175"
West Virginia,Hancock,"28,810"
West Virginia,Hardy,"13,776"
West Virginia,Harrison,"67,256"
West Virginia,Jackson,"28,576"
West Virginia,Jefferson,"57,146"
West Virginia,Kanawha,"178,124"
West Virginia,Lewis,"15,907"
West Virginia,Lincoln,"20,409"
West Virginia,Logan,"32,019"
West Virginia,McDowell,"17,624"
West Virginia,Marion,"56,072"
West Virginia,Marshall,"30,531"
West Virginia,Mason,"26,516"
West Virginia,Mercer,"58,758"
West Virginia,Mineral,"26,868"
West Virginia,Mingo,"23,424"
West Virginia,Monongalia,"105,612"
West Virginia,Monroe,"13,275"
West Virginia,Morgan,"17,884"
West Virginia,Nicholas,"24,496"
West Virginia,Ohio,"41,411"
West Virginia,Pendleton,"6,969"
West Virginia,Pleasants,"7,460"
West Virginia,Pocahontas,"8,247"
West Virginia,Preston,"33,432"
West Virginia,Putnam,"56,450"
West Virginia,Raleigh,"73,361"
West Virginia,Randolph,"28,695"
West Virginia,Ritchie,"9,554"
West Virginia,Roane,"13,688"
West Virginia,Summers,"12,573"
West Virginia,Taylor,"16,695"
West Virginia,Tucker,"6,839"
West Virginia,Tyler,"8,591"
West Virginia,Upshur,"24,176"
West Virginia,Wayne,"39,402"
West Virginia,Webster,"8,114"
West Virginia,Wetzel,"15,065"
West Virginia,Wirt,"5,821"
West Virginia,Wood,"83,518"
West Virginia,Wyoming,"20,394"
Wisconsin,Adams,"20,220"
Wisconsin,Ashland,"15,562"
Wisconsin,Barron,"45,244"
Wisconsin,Bayfield,"15,036"
Wisconsin,Brown,"264,542"
Wisconsin,Buffalo,"13,031"
Wisconsin,Burnett,"15,414"
Wisconsin,Calumet,"50,089"
Wisconsin,Chippewa,"64,658"
Wisconsin,Clark,"34,774"
Wisconsin,Columbia,"57,532"
Wisconsin,Crawford,"16,131"
Wisconsin,Dane,"546,695"
Wisconsin,Dodge,"87,839"
Wisconsin,Door,"27,668"
Wisconsin,Douglas,"43,150"
Wisconsin,Dunn,"45,368"
Wisconsin,Eau Claire,"104,646"
Wisconsin,Florence,"4,295"
Wisconsin,Fond du Lac,"103,403"
Wisconsin,Forest,"9,004"
Wisconsin,Grant,"51,439"
Wisconsin,Green,"36,960"
Wisconsin,Green Lake,"18,913"
Wisconsin,Iowa,"23,678"
Wisconsin,Iron,"5,687"
Wisconsin,Jackson,"20,643"
Wisconsin,Jefferson,"84,769"
Wisconsin,Juneau,"26,687"
Wisconsin,Kenosha,"169,561"
Wisconsin,Kewaunee,"20,434"
Wisconsin,La Crosse,"118,016"
Wisconsin,Lafayette,"16,665"
Wisconsin,Langlade,"19,189"
Wisconsin,Lincoln,"27,593"
Wisconsin,Manitowoc,"78,981"
Wisconsin,Marathon,"135,692"
Wisconsin,Marinette,"40,350"
Wisconsin,Marquette,"15,574"
Wisconsin,Menominee,"4,556"
Wisconsin,Milwaukee,"945,726"
Wisconsin,Monroe,"46,253"
Wisconsin,Oconto,"37,930"
Wisconsin,Oneida,"35,595"
Wisconsin,Outagamie,"187,885"
Wisconsin,Ozaukee,"89,221"
Wisconsin,Pepin,"7,287"
Wisconsin,Pierce,"42,754"
Wisconsin,Polk,"43,783"
Wisconsin,Portage,"70,772"
Wisconsin,Price,"13,351"
Wisconsin,Racine,"196,311"
Wisconsin,Richland,"17,252"
Wisconsin,Rock,"163,354"
Wisconsin,Rusk,"14,178"
Wisconsin,St. Croix,"90,687"
Wisconsin,Sauk,"64,442"
Wisconsin,Sawyer,"16,558"
Wisconsin,Shawano,"40,899"
Wisconsin,Sheboygan,"115,340"
Wisconsin,Taylor,"20,343"
Wisconsin,Trempealeau,"29,649"
Wisconsin,Vernon,"30,822"
Wisconsin,Vilas,"22,195"
Wisconsin,Walworth,"103,868"
Wisconsin,Washburn,"15,720"
Wisconsin,Washington,"136,034"
Wisconsin,Waukesha,"404,198"
Wisconsin,Waupaca,"50,990"
Wisconsin,Waushara,"24,443"
Wisconsin,Winnebago,"171,907"
Wisconsin,Wood,"72,999"
Wyoming,Albany,"38,880"
Wyoming,Big Horn,"11,790"
Wyoming,Campbell,"46,341"
Wyoming,Carbon,"14,800"
Wyoming,Converse,"13,822"
Wyoming,Crook,"7,584"
Wyoming,Fremont,"39,261"
Wyoming,Goshen,"13,211"
Wyoming,Hot Springs,"4,413"
Wyoming,Johnson,"8,445"
Wyoming,Laramie,"99,500"
Wyoming,Lincoln,"19,830"
Wyoming,Natrona,"79,858"
Wyoming,Niobrara,"2,356"
Wyoming,Park,"29,194"
Wyoming,Platte,"8,393"
Wyoming,Sheridan,"30,485"
Wyoming,Sublette,"9,831"
Wyoming,Sweetwater,"42,343"
Wyoming,Teton,"23,464"
Wyoming,Uinta,"20,226"
Wyoming,Washakie,"7,805"
Wyoming,Weston,"6,927"
